;1;"<h1>Быстрый потребительский кредит круглый год.</h1>  Если нужно быстро занять деньги в долг от 500 до 3000 гривен, стоит обратиться за помощью в компанию 'Credit 365' и Вам оперативно помогут решить эту проблему. Упомянутая компания выдает микрозаймы онлайн по всей территории нашей страны. Опытные, квалифицированные консультанты всегда готовы предоставить детальную информацию, что касается такой темы, как потребительский кредит. <h2>На каких условиях можно получить небольшой кредит наличными?</h2> На самом деле условия кредитования граждан достаточно просты. Первый кредит каждый желающий имеет возможность получить в пределах выше представленной суммы. При повторном обращении максимальная сумма кредита может достигать десяти тысяч гривен. Простая онлайн заявка на кредит оформляется на сайте компании. После ее одобрения деньги переводятся на банковскую карту клиента. Чтобы получить деньги в долг необходимы только паспорт и налоговый код. Если Вы оформляете кредит онлайн первый раз, заявка рассматривается в течении 15-ти минут. Во всех последующих случаях - на протяжении всего лишь одной минуты. Каждый клиент имеет возможность продлить срок кредита от 7-ми до 30-ти дней. Стоимость данной услуги можно посмотреть на официальном сайте в личном кабинете после авторизации. Где взять быстрый кредит уже известно. Теперь стоит разобраться в следующем вопросе. <h3>Каким способом можно вернуть потребительский кредит?</h3> Существует два основных варианта погашения кредита от компании 'Credit 365': - безналичный - при помощи интернет банкинга или в личном кабинете на сайте компании; - наличный - денежный перевод в отделении любого банка, оплата посредством платежных терминалов. Начисление процентов зависит от срока оформления кредита. Чем он больше, тем меньше процентная ставка. К тому же предусмотрена скидка на комиссию в размере 30-ти процентов при оформлении первого займа. Чтобы взять деньги в долг Вам не нужно посещать офис и подписывать договора. За повторное использование услуг выше представленной компании для каждого клиента действует бонусная программа скидок.";"Небольшой кредит наличными - 'Кредит 365'";<meta name='description' content='Компания 'Кредит 365' - лидер на рынке Украины по предоставлению услуг микрозаймов.'> <meta name='keywords' content='где взять быстрый кредит,микрозаймы онлайн,небольшой кредит,кредит наличными,кредит 365,кредит онлайн,потребительский кредит,деньги в долг,займы онлайн,кредит без справок,онлайн заявка на кредит'>"
;2;"<h1>Финансовая помощь в любой точке мира - СОС Кредит.</h1> На финансовом рынке Украины компания SOS Credit относительно не долго. Но есть несколько важных преимуществ, которые говорят о том, что все таки стоит воспользоваться ее услугами. Например, каждый желающий имеет возможность оформить кредит онлайн на самые различные потребности в любой точке мира. Для этого необходимо осуществить несколько простых действий. <h2>Как получить кредит в СОС Кредит?</h2> Данное действие можно выполнить перейдя на сайт компании. Чтобы подсчитать сколько придется переплатить за использование кредитных средств необходимо посетить официальный сайт компании и воспользоваться калькулятором. Для этого просто укажите необходимую сумму денег и срок на который Вы намеренные получить деньги в долг. Далее оформляется онлайн заявка на кредит. Вносим свои персональные данные в соответственные поля, прикрепляем скан копии документов и вводим номер личной банковской карты. На нее будут Вам в процессе перечисленные денежные средства. Когда все необходимые данные будут отправленные на согласование, остается лишь дождаться одобрения заявки, подписать договор-оферту и получить свои деньги. <h3>Способы возврата кредита онлайн.</h3> Есть несколько способов, которые предоставляет своим клиентам выше упомянутая компания для возврата долга. Среди них: - возврат займа в личном кабинете на сайте; - платежные терминалы, (Приватбанк, IBOX); - денежный перевод в любом банковском отделении; - перевод денежных средств в отделении Укрпочты. Вам не придется долго ждать, чтобы получить кредит онлайн. Процесс одобрения автоматизирован по максимуму. Скрытые комиссии и платежи отсутствуют полностью. По этому поводу не стоит беспокоится. Работать с сервисом просто. С этим вопросом сможет легко справиться даже начинающий пользователь. Использование современных технологий позволяет защитить персональные данные каждого клиента от каких-либо действий мошенников. Если нужны деньги в долг, смело обращайтесь в СОС Кредит. ";"SOS credit - кредит онлайн для различных потребностей";"<meta name='description' content='Не знаете, где взять деньги в долг? Компания SOS credit готова помочь решить Ваши финансовые проблемы.'> <meta name='keywords' content='где взять быстрый кредит,получить кредит,небольшой кредит,сос кредит,кредит онлайн,потребительский кредит,деньги в долг,займы онлайн,кредит без справок,онлайн заявка на кредит'>"
;3;"<h1>'Швидко Гроші' - получите 3000 грн. в долг за 20 мин.</h1>  На рынке финансовых услуг компания 'Швидко Гроші' одна из первых в своем роде начала предоставлять гражданам услугу оформления кредита в размере до трех тысяч гривен всего за двадцать минут. Основная специализация выше представленной компании - быстрый кредит онлайн. За время деятельности был накоплен достаточный опыт для того, чтобы предоставляемые услуги осуществлялись качественно и оперативно. <h2>Как оформить быстрый кредит наличными?</h2> Каждый желающий имеет возможность оформить кредит без справок на сайте - SGroshi.com.ua. Для этого Вам необходимо открыть данный интернет ресурс имея возле себя два обычных документа - личный паспорт и идентификационный налоговый код. Подобной документацией обладает каждый гражданин Украины. Далее оформляется онлайн заявка на кредит. Для этого придется потратить десять минут. Когда данный этап будет пройден и указанные Вами данные отправлены на обработку, в течении двадцати минут кредитный инспектор сообщит о результате Вашего запроса. В случае утвердительного решения Вы имеете возможность оперативно получить запрашиваемую сумму кредита в ближайшем отделении компании. В случае последующих обращений процесс сократится до пяти минут. <h3>Как вернуть займы онлайн?</h3> По истечении кредитного периода клиент может вернуть полученные деньги в долг несколькими доступными способами: - обратившись в отделение компании 'Швидко Гроші'; - с помощью банковских карт Visa и MasterCard на сайте SGroshi.com.ua; - через любое отделение банка; - посредством платежного терминала. <h4>Основные преимущества получения кредита от компании 'Швидко Гроші'.</h4> В случае досрочного погашения кредита оплата взимается только за фактический срок использования кредитных денег. Можно продлевать срок кредита на любой удобный период. Отделения компании находятся по всей стране. Чтобы получить быстрый займ нет надобности привлекать поручителей и доставать справки о доходах. Все делается легко и быстро.";"Быстрый кредит наличными от 'Швидко Гроші'";"<meta name='description' content='Нужны деньги в долг, быстро и без справок? Вы можете оперативно получить кредит онлайн в компании 'Швидко Гроші'> <meta name='keywords' content='где взять быстрый кредит,кредит наличными,швидко гроші,кредит онлайн,потребительский кредит,деньги в долг,займы онлайн,кредит без справок,онлайн заявка на кредит'>"
;4;"<h1>CCloan - быстрый кредит онлайн.</h1> CCloan является международной финансовой организацией, которая поможет оформить кредит онлайн в любой точке Украины. Каждый клиент имеет возможность взять деньги в долг почти мгновенно. Финансовые средства перечисляются на банковскую карту или финансовый счет заемщика. Для получения кредита Вам понадобятся лишь компьютер с доступом к всемирной сети, паспорт, налоговый код и мобильный телефон. Когда все перечисленное будет под руками, можно смело переходить к оформлению заявки. <h2>Как получить потребительский кредит в компании CCloan?</h2> В первую очередь необходимо пройти быструю регистрацию на сайте ccloan.ua. Данная процедура проста. Далее оформляется заявка на онлайн кредит. Затем следует выбрать сумму кредита и указать сроки кредитования. В первый раз Вам предоставят возможность воспользоваться займом в размере от 400 до 2000 гривен. При повторном обращении сумма изменится до 10 000 гривен. Отправленная клиентом заявка рассматривается в течении всего лишь десяти минут. Чтобы получить займы онлайн нет надобности посещать офис компании. После утвердительного решения деньги будут зачисленными на Ваш банковский или карточный счет. <h3>Как вернуть кредит онлайн?</h3> Для своих клиентов выше представленная компания приготовила несколько доступных и удобных способа возврата кредитных средств. Среди них: - погашение при помощи банковской карты через личный кабинет на сайте; - оплата посредством терминалов EasyPay или iBox; - банковский перевод на персональный счет компании. Выбирайте любой из удобных именно Вам. При первом займе комиссия не взимается. Для постоянных клиентов действует бонусная программа, проводятся розыгрыши призов, различные акции. Вы можете пользоваться займом неограниченное время при условии внесения оплаты за использование системы каждые 5, 10, 15, 20, 25, 30 дней. Компания лояльно относится к своим клиентам. Именно по этому начисляет не высокие процентные ставки. Сотрудничать с CCloan выгодно и Вы имеете все шансы убедиться в этом лично.";"CCloan - выгодный кредит онлайн";"<meta name='description' content='Теперь получить потребительский кредит легко, заявку можно оформить на сайте компании.'> <meta name='keywords' content='где взять быстрый кредит,получить кредит,небольшой кредит,ссloan,кредит онлайн,потребительский кредит,деньги в долг,займы онлайн,кредит без справок,онлайн заявка на кредит'>"
;5;"<h1>KLT CREDIT - деньги в долг.</h1>  Сервис KLT CREDIT является некой альтернативой современной системе банковского кредитования граждан Украины. Хотя на нашем финансовом рынке представленная компания предоставляет свои услуги недавно, но ее деятельность характеризуется с положительной стороны. Каждый желающий может получить деньги в долг быстро и на весьма выгодных условиях. Чтобы взять кредит онлайн ненужно идти в банк, предоставлять справку о доходах, подписывать множество бумаг и искать поручителя. Сервис работает круглосуточно и без выходных. <h2>Как получить кредит в компании KLT CREDIT?</h2> Для начала стоит посетить сайт - kltcredit.com.ua и с помощью специального калькулятора рассчитать суму возврата займа, предварительно указав сколько денег требуется и на какой именно срок. Далее заполняется простая онлайн заявка на кредит. В максимально краткий срок, (5-10 минут), представитель компании сообщит Вам о принятом решении. Если все в порядке деньги поступят на банковскую карту. Как правило это происходит в течении 15-ти минут после принятия утвердительного решения. Вы можете пользоваться кредитными средствами в течении 65-ти дней. В скором времени максимальная сумма займа будет увеличена до 15 000 гривен. Теперь разберем следующий вопрос, где взять быстрый кредит Вам уже известно. <h3>Как вернуть потребительский кредит на счет компании?</h3> Вы имеете возможность воспользоваться консервативным способом. То есть, осуществить денежный перевод в отделении любого банка. Если не желаете стоять в очередях возле кассы, тогда можете воспользоваться платежным терминалом Приватбанка или же, что еще проще - рассчитаться посредством интернет-банкинга своей пластиковой картой, (VISA, MasterCard). Чтобы взять деньги в долг в выше представленной компании необходимы только данные паспорта и личного идентификационного номера клиента. Выгода еще в том, что процентная ставка за использование кредитных средств не высока. Также отсутствуют скрытые комиссии и оплата страхового полиса. По срокам использования займа и его сумме данная компания считается одной из лучших в Украине.";"KLT CREDIT - займы онлайн";"<meta name='description' content='Микрофинансовая компания KLT CREDIT - онлайн кредит на выгодных условиях.'> <meta name='keywords' content='где взять быстрый кредит,получить кредит,небольшой кредит,кредит онлайн,потребительский кредит,деньги в долг,займы онлайн,кредит без справок,онлайн заявка на кредит'>"
;6;"<h1>CreditOn - деньги в долг на карту банка.</h1>  Сервис предоставляет гражданам Украины возможность практически мгновенно оформить онлайн кредит не выходя из собственного дома. Для этого Вам понадобится компьютер с доступом в всемирную сеть, минимум документов, (паспорт и идентификационный код), карта банка оформленная на Вас лично и немножко свободного времени. Скрытые платежи и комиссии полностью отсутствуют. Вы можете оформить быстрый займ на сумму от 200 до 3000 гривен. Если посчитаете нужным дальше пользоваться услугами представленного сервиса максимальная сумма кредита увеличится уже до 15 000 гривен. Взять кредит онлайн на карту любого банка Украины сроком от одного до двадцати одного дня достаточно просто. Процентная ставка всего - 1,9%. <h2>Как получить займы онлайн на сервисе?</h2> После заполнения заявки на сайте компании и указания всех необходимых данных в течении 15-ти минут Вам придет ответ. Если он будет утвердительным, денежные средства в указанном размере перечисляются на банковскую карту. В 80-90% случаев компания не отказывает в помощи своим клиентам. Для оформления нужен только паспорт и идентификационный код. <h3>Как вернуть быстрый займ с процентами на счет компании?</h3> Сервис предоставляет несколько удобных способов возврата кредитных средств. Среди них: - банковский перевод в отделении любого банка Украины; - перевод с помощью платежного терминала; - погашение задолженности посредством банковской карты в личном кабинете на сайте. Выше перечисленные способы удобные и доступные каждому. Если по каким-то причинам отсутствует возможность своевременного погашения кредита можно заказать услугу пролонгации в результате чего клиент получает дополнительных десять дней на оплату задолженности. Если есть желание погасить долг досрочно, такая возможность также предоставленная каждому отдельному клиенту сервиса. Вы платите только за фактические дни использования займа и ни копейки больше. Компания относительно молодая, но уже успела зарекомендовать себя на финансовом рынке нашей страны с положительной стороны, благодаря качеству и оперативности предоставляемых услуг.";"CreditOn - быстрый кредит онлайн";"<meta name='description' content='Получить быстрый займ можно на сервисе CreditOn, заявки принимаются в любое время суток.'> <meta name='keywords' content='кредит онлайн,быстрый займ,деньги в долг,займы онлайн,кредит онлайн на карту'>"
;7;"<h1>CreditUP - онлайн займ на карту на выгодных условиях.</h1>  С помощью популярного сервиса КредитАп каждый желающий имеет возможность получить займ на карту на любые житейские потребности. Компания выдает потребительские кредиты оперативно. В течении трех минут приходит ответ от представителя компании. Вы можете взять кредит онлайн в размере от ста до пяти тысяч гривен. Если клиент берет деньги в долг первый раз максимальная сумма кредита составляет 1200-1500 гривен. Процентная ставка всего 1,9%. Срок кредита от 1 до 30 дней. Денежные средства перечисляются только на банковскую карту. Сервис работает круглосуточно. Воспользоваться услугами выше представленной компании есть возможность всегда. <h2>Как оформить кредит онлайн в CreditUP?</h2> Чтобы оформить заявку нет надобности посещать офис компании. Эта процедура осуществляется на официальном интернет ресурсе. С помощью кредитного калькулятора можно рассчитать сумму возврата займа опираясь на количество необходимых денежных средств и срок кредитования. Чтобы получить кредит достаточно находиться возле компьютера, иметь доступ в сеть Интернет, при себе телефон, банковскую карту оформленную на Ваши персональные данные, паспорт и идентификационный код. <h3>Как вернуть деньги взятые в долг?</h3> Как выше было упомянуто, взять кредит на карту можно не более чем на месяц. По истечению данного срока денежные средства с процентами необходимо вернуть на счет компании. Для этого существует несколько способов: - перечисление денег с собственной банковской карты; - в личном кабинете на сайте компании, используя интернет-банкинг; - посредством платежных терминалов Citi24, EasyPay; - наличными через отделение любого банка. Каждый клиент получает кредит онлайн без лишних звонков менеджеров компании и уточнения информации. Вы имеете возможность досрочно погашать займ. Специальная бонусная система позволяет экономить денежные средства. Преимуществ хватает для того, чтобы начать пользоваться услугами выше представленного сервиса.";"CreditUP - кредит онлайн на карту банка";"<meta name='description' content='Мгновенный онлайн кредит на любые потребности, выгодные условия кредитования.'> <meta name='keywords' content='кредит онлайн,займ на карту,кредит онлайн на карту,взять кредит'>"
;8;"<h1>'Евро Гроши' - мгновенные займы онлайн.</h1>  Достаточно популярной в Европе финансовой компанией, которая уже весьма длительное время специализируется на такой услуге, как займы онлайн есть 'Евро Гроши'. Клиенты получают кредитные деньги в онлайн режиме не выходя из собственного дома на личную банковскую карту. Интерфейс сервиса простой, как и сам процесс оформления кредита. <h2>Как получить кредит онлайн от Евро Гроши?</h2> На сайте компании - Eurogroshi.com.ua каждый клиент может подсчитать сколько придется переплатить опираясь на сумму кредита и срок кредитования. Сервис предлагает кредитный лимит в размере от 500 до 2000 гривен. Но для новых клиентов максимальная сумма займа не превышает 1500 гривен. Вы имеете возможность распоряжаться кредитными средствами от 5-ти до 30-ти дней, как заблагорассудится. Процентная ставка всего - 1,9%. Чтобы получить кредит необходимо для начала заполнить заявку указав все необходимые данные. После отправки данных в течении некоторого срока в личный кабинет придет ответ. Как правило, ждать придется всего две минуты. Если все будет в порядке, следующий этап - верификация банковской карты для выплат. Необходимо, чтобы она была зарегистрированная на Вас лично. Далее подписывается онлайн договор и можно ожидать зачисления кредитных денег. Об этом также будет указано в личном кабинете. <h3>Как отдать кредит онлайн?</h3> Для возврата задолженности нужно авторизоваться на сайте, зайти в личный кабинет и воспользоваться предложенными финансовыми операциями. При досрочном погашении кредита проценты взимаются за фактический период использования кредитных средств. Выше представленная компания имеет свои представительства во всех регионах Украины. Каждая заявка обрабатывается оперативно. Нет необходимости предоставлять какие-либо дополнительные документы, справки о доходах или привлекать поручителей. Защита финансовых операций соответствует международным стандартам качества защиты персональных данных клиентов. Для постоянных клиентов сервиса действует программа лояльности. Если нужен кредит онлайн на карту, сервис Евро Гроши всегда готов пойти на встречу.";"Гроши - кредит онлайн на карту";"<meta name='description' content='Хотите получить кредит быстро и на выгодных условиях? Сервис 'Евро Гроши' к Вашим услугам.'> <meta name='keywords' content='займы онлайн,получить кредит,кредит онлайн,кредит онлайн на карту'>"
;9;"<h1>БыстроЗайм - кредит онлайн.</h1>  Компания 'БыстроЗайм' считается одним из лидеров среди МФО предоставляющих услуги по онлайн кредитованию граждан нашей страны. Принятие решения осуществляется на протяжении всего нескольких минут. Клиент получает деньги на персональную карту банка либо наличными в одном из отделений самой компании. Вам не придется оплачивать различные взносы. Скрытые комиссии полностью исключены. Вы платите деньги только за фактическое использование кредитных средств выше представленной компании. <h2>Как получить кредит онлайн в БыстроЗайм?</h2> Заходим на сайт - BistroZaim.ua. С целью создания нового аккаунта оформляем заявку на кредит онлайн заполняя все необходимые данные. Далее предстоит указать сумму кредита и срок его использования. Если Вы берете займы первый раз, максимальная сумма равняется шести тысячам гривен. В последующие разы она увеличивается до десяти тысяч. Каждый клиент имеет возможность пользоваться кредитными средствами от 7-ми до 60-ти дней. Процентная ставка - 2%. После оформления заявки и отправки данных эксперты компании в течении 20-ти минут принимают решение и сообщают о нем Вам в личном кабинете. <h3>Как вернуть займы онлайн на расчетный счет компании?</h3> Существует несколько простых способов. Самый верный - осуществить перевод средств на сайте компании в личном кабинете. Также есть возможность оплатить кредит наличными в отделении любого банка. БыстроЗайм одна из МФО, которая предлагает новым клиентам указанный выше размер кредитных денежных средств. Есть возможность досрочно погасить задолженность без начисления штрафов. Услугами компании можно пользоваться семь дней в неделю. Если по каким либо причинам кредит онлайн не получается погасить вовремя, Вам дадут 3-5 дней беспроцентной отсрочки. Для постоянных клиентов предусмотренная специальная программа лояльности. Выше представленная компания входит в состав довольно крупного холдинга, работает на финансовом рынке стабильно и уверенно. Вы всегда можете рассчитывать на помощь, когда понадобятся деньги на бытовые расходы и даже свадьбу.";"БыстроЗайм - онлайн кредит на карту банка";"<meta name='description' content='Онлайн кредит без справок, выгодные условия для каждого клиента.'> <meta name='keywords' content='займы онлайн,получить кредит,кредит онлайн,кредит онлайн на карту'>"
;10;"<h1>Moneyboom - деньги в долг на выгодных условиях.</h1>  Основным видом деятельности представленной компании есть выдача кредитных средств гражданам нашей страны в размере двух тысяч гривен сроком на тридцать дней. Минимальная сума займа составляет двести пятьдесят гривен. Процентная ставка всего 1,75%. Если Вам уже исполнилось 18 лет, есть постоянный источник дохода, банковская карта оформленная на личные данные, отсутствие предыдущих просрочек и украинское гражданство, Вы вполне можете рассчитывать на кредит онлайн от компании Moneyboom. <h2>Как получить деньги в долг?</h2> На официальном сайте стоит заполнить заявку на получение кредитных средств указав все необходимые данные в соответственных полях. После отправки заявки в течении кратчайшего времени эксперты компании рассмотрят Ваш запрос и примут решение. Чтобы исключить вероятность отказа постарайтесь детально и четко отвечать на все поставленные в анкете вопросы. В случае принятия утвердительного решения Вам об этом сообщат в личном кабинете. Денежные средства зачисляются на карту банка, после чего ими сразу же можно будет воспользоваться. Если необходим быстрый займ, лучшего сервиса не найти. Для постоянных клиентов действует программа лояльности. Сервис удобный для использования. Решения принимаются оперативно. Есть возможность досрочного погашения кредита. В случае отсутствия своевременного погашения срок кредита можно продлить. Полное отсутствие скрытых комиссий и переплат. Заявки и возврат денег принимаются круглосуточно. При повторном обращении к услугам компании максимальная сумма кредита увеличивается до семи тысяч гривен. Чтобы посчитать сумму возврата воспользуйтесь кредитным калькулятором на сайте введя необходимую сумму кредита и срок на который намеренные его получить.";"Moneyboom - кредит онлайн круглосуточно";"<meta name='description' content='Быстрый кредит онлайн на карту банка, низкая процентная ставка.'> <meta name='keywords' content='кредит онлайн,быстрый займ,деньги в долг,займы онлайн,кредит онлайн на карту'>"
;11;"<h1>Ultracash - кредит онлайн на карту банка.</h1>  Если у Вас есть доступ к сети Интернет для того чтобы взять кредит нет надобности собирать документацию о своих доходах, тратить личное время на посещение банковских учреждений, привлекать поручителей. Сервис Ultracash предоставляет услуги по быстрому кредитованию гражданам Украины в любое удобное время суток. Каждый желающий имеет возможность получить займы онлайн от 500 до 2000 гривен сроком от 1 до 30-ти дней. Процентная ставка по кредиту всего 1,2%. При последующих обращениях максимально доступная сумма увеличивается до 10 000 гривен. На официальном сайте есть кредитный калькулятор для расчета точной суммы подлежащей возврату задолженности. <h2>Как получить займы онлайн от сервиса Ultracash?</h2> Чтобы получить деньги в долг в выше представленной компании необходимо посетить ее официальный интернет ресурс, выбрать необходимую сумму кредита, указать срок в количестве дней и нажать кнопку 'Взять кредит'. Далее создаем новую учетную запись вводя логин и пароль, авторизуемся и заполняем анкету. К введенным данным необходимо прикрепить скан копии своего паспорта и идентификационного номера. Кредитные средства отправляются на персональные банковские карты клиентов. После отправки заявки на Вашей карте временно будут заблокированные средства в размере до 5-ти гривен. Эта процедура предусмотренная с целью верификации карты, чтобы защитить персональные данные клиента от мошенников. После проверки введенной информации и принятия утвердительного решения экспертами компании кредит онлайн будет зачислен на Вашу банковскую карту. <h3>Как вернуть кредит на счет компании?</h3> Есть несколько удобных способов возврата кредитных средств. Среди них: - перевод с банковской карты в личном кабинете на сайте; - банковский перевод наличными в любом банке Украины; - перевод при помощи платежных терминалов, («ПриватБанк», «Сity24», «TYME»); - пополнением счета посредством мобильного телефона. Клиенты не оплачивают комиссионных за оформление займа. При желании можно досрочно погасить кредит. Сотрудники выше представленной компании работают оперативно с каждым отдельным клиентом. Решение принимается в течении двадцати минут.";"Ultracash - быстрый займ онлайн";"<meta name='description' content='Выгодные условия кредитования и возврата кредитных средств, оперативное принятие решения, программа лояльности для постоянных клиентов.'> <meta name='keywords'content='кредит онлайн,взять кредит,быстрый займ,деньги в долг,займы онлайн,кредит онлайн на карту'>"
;12;"<h1>Mycredit - кредит онлайн на выгодных условиях.</h1>  Если Вы намеренные получить кредит оперативно и в режиме онлайн, тогда лучше с данной целью обратиться к сервису Mycredit основной специализацией которого есть быстрые микрокредиты в размере от ста до трех тысяч гривен сроком от одного до тридцати пяти дней. При этом процентная ставка всего - 0.99 - 1.3 %. Каждый желающий может получить кредит, если уже исполнилось 18 лет, есть стабильный доход, документы свидетельствующие о личности, (паспорт, идентификационный код), персональная банковская карта и доступ в сеть Интернет. Чтобы получить кредит онлайн на карту банка необходимо для начала посетить официальный интернет ресурс Mycredit и проделать несколько простых операций. <h2>Как взять кредит на сервисе Майкредит?</h2> Посетив сайт компании Вы можете взять кредит на карту в онлайн режиме. Для этого необходимо лишь желание и несколько минут свободного времени. При оформлении заявки Вам будет предложено ввести некоторые персональные данные и отправить их на проверку, которая осуществляется в автоматическом режиме с использованием специализированных программных алгоритмов. Заявка рассматривается в течении десяти минут. После утвердительного решения деньги в указанной Вами сумме поступят на карточный счет. В случае отказа повторную заявку можно подавать уже через месяц. <h3>Как отдать кредит с начисленными процентами?</h3> Каждый клиент компании имеет возможность воспользоваться одним из нескольких доступных способов возврата кредитных средств: - осуществить денежный перевод наличными в одном из отделений украинских банков; - воспользоваться платежными терминалами; - оплатить онлайн в личном кабинете на сайте с помощью пластиковой банковской карты. Займ можно также продлить, если возникла такая необходимость. Выше представленный сервис дает возможность взять кредит даже людям пенсионного возраста. Для постоянных клиентов действует программа лояльности. Участвуя в ней клиент получает некоторые преимущества в плане использования услуг сервиса Майкредит. Например, процентная ставка по кредиту занижается, увеличивается срок погашения.";"Mycredit - быстрые микрокредиты онлайн";"<meta name='description' content='Сервис микрокредитирования, низкая процентная ставка, выплаты на банковскую карту.'> <meta name='keywords' content='микрокредиты онлайн,получить кредит,кредит онлайн на карту,взять кредит'>"
;13;"<h1>Moneyveo - взять кредит легко.</h1>  Хотите взять кредит? Прием заявок и выдача кредитных средств гражданам Украины проводится в любое время суток. Нужен всего лишь доступ к интернету, паспорт и код, а также пару минут лишнего времени. Никаких справок о доходах, поручителей и многочасовых очередей в отделении банка. Сервис Moneyveo дает возможность получить кредит каждому желающему в размере от 50-ти до 3000 гривен. Срок кредитования - от одного до тридцати дней. При этом процентная ставка всего 0.02 - 1.7 %. <h2>Как взять займы онлайн в Moneyveo?</h2> На официальном сайте компании необходимо заполнить анкету, чтобы получить кредит онлайн на карту с подтверждением электронной почты и номера мобильного телефона. В заявке указываем данные паспорта, свой идентификационный налоговый код, а также реквизиты банковской карты. Карту необходимо также подтвердить в целях Вашей же безопасности. Если нет задолженности по прошлым кредитам перед компанией и у Вас безупречная кредитная история, тогда можете быть уверены, что решение будет утвердительным. Для новых клиентов максимальная сумма займа - 3000 гривен. В последующем она может повыситься до десяти тысяч. Заявки проходят проверку в автоматическом режиме посредством специального корпоративного программного обеспечения. Чтобы повысить свои шансы на получение денег в долг, специалисты компании советуют заполнять заявку в полном объеме четко указывая все необходимые данные и честно отвечая на вопросы анкеты. <h3>Как вернуть задолженность по кредиту?</h3> Существует три способа погашения задолженности: - наличными через банковский перевод; - через платежные терминалы; - в личном кабинете на сайте посредством банковской карты. Moneyveo лояльно относится к своим клиентам. По этому, если вы берете займ впервые, то комиссия не начисляется. В системе действует реферальная программа на которой каждый клиент имеет возможность зарабатывать привлекая новых клиентов. На упомянутом сервисе также действуют промокоды. Ответ приходит уже через несколько минут. Moneyveo один из самых быстрых сервисов в сети по предоставлению услуг микрокредитования.";"Moneyveo - быстрый кредит на карту банка";"<meta name='description' content='Кредин онлайн до 10 000 гривен, низкая процентная ставка, оперативное принятие решения.'> <meta name='keywords' content='займы онлайн,получить кредит,кредит онлайн,кредит онлайн на карту'>"
;14;"<h1>Капуста в кармане - кредит онлайн на различные потребности.</h1>  Сервис 'Капуста в кармане' предлагает быстрые онлайн кредиты в размере от 500 до 5000 гривен каждому желающему клиенту, которому уже есть 18 лет, имеется в наличии паспорт гражданина Украины, налоговый идентификационный код, личный карточный счет в банке, мобильный телефон и доступ к сети Интернет. Срок кредитования от 5 до 30 дней. Процентная ставка всего 2,1%. Если Вы берете деньги в долг впервые, то максимальная сумма на которую можно рассчитывать - 1500 гривен. В процессе сотрудничества с сервисом она поднимается до выше указанной. Есть возможность брать займы людям пенсионного возраста до 65-ти лет. Чтобы взять кредит необходимо выполнить несколько простых действий с которыми Вы можете ознакомиться ниже. <h2>Как оформить кредит в сервисе 'Капуста в кармане'?</h2> Все довольно просто и быстро. Заходим на официальный ресурс компании - https://ikapusta.com.ua/ и оформляем заявку на кредит онлайн на карту любого банка Украины. Сервис дает стопроцентную гарантию защиты персональных данных клиентов. Решение по кредиту принимается в течении десяти минут. Если у Вас нет задолженности по предыдущим кредитам, хорошая кредитная история, вполне можете рассчитывать, что оно будет утвердительным. Для оформления заявки потребуется всего несколько минут свободного времени. Денежные средства зачисляются на Вашу банковскую карту. <h3>Как вернуть кредит?</h3> Каждый клиент для процедуры возврата кредитных средств может воспользоваться личным кабинетом, осуществив перевод денег с помощью банковской карты, перевести необходимую сумму на счет компании банковским переводом или совершить оплату в платежном терминале. Выбирайте более удобный для Вас способ. Есть возможность досрочного погашения кредита. В данном случае клиент платит только за фактический срок использования кредитных средств. Предусмотренная также автоматическая пролонгация кредита. Чтобы взять кредит нет надобности наносить визит в компанию либо идти в отделение банка. Деньги придут к Вам сами и при этом не придется вставать с дивана или удобного офисного кресла.";"Капуста в кармане - онлайн кредиты на карту банка";"<meta name='description' content='Сервис онлайн кредитования предлагает быстрые кредиты на выгодных условиях.'> <meta name='keywords' content='кредит онлайн,онлайн кредиты,оформить кредит,деньги в долг,взять кредит,кредит онлайн на карту'>"
;15;"<h1>TopCredit - кредит онлайн на будь-яку банківську карту України</h1>  «Мы удовлетворяем финансовые потребности, чтобы у Вас было время для более важных вещей» Целью нашей компании является предоставление финансового ресурса и качественного сервиса каждому гражданину Украины. История компании начинается с 2014 года, когда в столице были открыты первые отделения микрокредитования. Спустя год усердного труда, развития и завоевания авторитета среди граждан нашей страны, было принято решение создать параллельно онлайн проект, благодаря которому, наша компания смогла бы обслуживать каждого клиента в любое удобное время и в любом, для него, удобном месте. В 2016 году компания ТОП Кредит провела основательный ребрендинг и стала исключительно компанией, которая предоставляет свои услуги в сети интернет. Пожалуй, самое ценное в нашей организации, после наших клиентов, это команда. Те люди, которые взялись за создание компании у самых ее истоков, продолжают вести ее и в сегодняшнем дне. За эти три года мы становились все сильнее, все опытнее и стали понимать клиента порой даже без слов. Упорство, трудолюбие и желание стать лучшими – вот что является оплотом нашей компании, это залог наших побед, это основа философии каждого члена нашей команды. Будущее каждой компании зависит от того как далеко способен заглянуть ее руководитель. В компании ТОП Кредит, мы стараемся разглядеть в этом будущем то, что принесет Вам больше комфорта, больше позитивных эмоций в пользовании нашим сервисом. Волна цифровых технологий ежедневно открывает нам все новые и новые возможности, мы берем лучшие из них и даем их Вам. <h2>Как получить быстрый кредит на карту банка.</h2> Для получения займа вам необходимо иметь сканы или фото паспорта и идентификационного кода. А также понадобится мобильный телефон. Клиент регистрируется на сайте, заполняет анкету, прикрепляет копии необходимых документов и в течении нескольких минут принимается решение о предоставлении займа. Когда принимают положительное решение (оповещение приходит в формате смс), нужно подтвердить в личном кабинете договор по кредиту, и средства мгновенно перечисляются на карту заемщика. <h3>Как погасить задолженность по кредиту?</h3> Самым простым способом есть перевод денежных средств на счет компании с вашей банковской карты в личном кабинете. Также можно воспользоваться платежными терминалами, погасить задолженность в отделениях компании или осуществить денежный перевод в любом банке Украины.";"TopCredit - выгодный кредит онлайн";"<meta name='description' content='Кредит онлайн на любую банковскую карту Украины'> <meta name='keywords' content='кредит онлайн,онлайн кредиты,оформить кредит,деньги в долг,взять кредит,кредит онлайн на карту'>"
;16;"<h1>Компания 'Глобал Кредит' - быстрые займы онлайн.</h1>  Специализацией компании есть предоставление качественных услуг по микрокредитованию сроком на 14 дней. Чтобы получить деньги в долг не стоит куда-либо выходить из собственного дома и даже подниматься с дивана. Для оформления займа необходимы компьютер с доступом к сети Интернет, паспорт и идентификационный код. Нет также надобности брать справки подтверждающие регулярный доход или привлекать третьих лиц в качестве поручителей. Деньги перечисляются на банковскую карту клиента предоставленную любым банком Украины. Упомянутая компания проявляет лояльность к каждому отдельному клиенту. Рассмотрение заявки и выплата средств осуществляется в течении всего двадцати минут. <h2>Как получить быстрый кредит на карту банка.</h2> Компания Global Credit предоставляет два способа оформления кредита на личный выбор клиента. Вы можете посетить одно из отделений компании и получить займы на месте. Другой способ более выгодный в плане сбережения усилий и личного времени. Заходим на официальный сайт и оформляем заявку. Перед этим стоит воспользоваться кредитным калькулятором, чтобы видеть фактическую сумму подлежащую возврату. Сервис предлагает оформление займа на сумму от 200 до 10 000 гривен. Для подачи заявки потребуется корректно заполнить анкету указав все необходимые данные. В течении нескольких минут Вы получите ответ от менеджера и непосредственно сам денежный перевод. <h3>Как погасить задолженность по кредиту?</h3> Самым простым способом есть перевод денежных средств на счет компании с вашей банковской карты в личном кабинете. Также можно воспользоваться платежными терминалами, погасить задолженность в отделениях компании или осуществить денежный перевод в любом банке Украины. Новинкой от представленного сервиса также можно считать такую услугу, как смс кредиты. Чтобы получить кредит необходимо отправить смс на номер 717. Более подробную информацию по данному поводу можно найти на официальном сайте. При необходимости присутствует возможность продления кредитного периода. Нет никаких комиссий и скрытых платежей. Для постоянных клиентов действует программа лояльности.";"Global Credit - быстрый займ без справок и поручителей";"<meta name='description' content='Компания 'Глобал Кредит' всегда готова пойти Вам на встречу в вопросах оформления кредита на любые потребности.'> <meta name='keywords' content='кредит онлайн,быстрый займ,деньги в долг,займы онлайн,кредит онлайн на карту'>"
;17;"<h1>Сервис CashUp - быстрый займ на карту банка.</h1>  Срочно нужны деньги, но не знаете, где их взять? Самый быстрый сервис микрокредитов в Украине к Вашим услугам. С его помощью каждый желающий имеет возможность взять кредит онлайн на сумму от 250 до 3000 гривен сроком до четырнадцати дней. При этом процентная ставка составляет всего 1,5%.  Для постоянных клиентов сумма кредита возрастает до 10 000 гривен. Кроме этого предусмотрены скидки в размере 80% на услуги компании. Действует удобная для потребителя программа лояльности. <h2>Как получить кредит онлайн на карту банка?</h2> Для начала необходимо посетить сам сервис, то есть официальный интернет ресурс представленной выше компании. На главной странице есть простой кредитный калькулятор с помощью которого можно быстро посчитать сколько денег придется Вам вернуть вместе с начисленными процентами по истечению кредитного периода. Для этого выберите нужную сумму и укажите количество дней. Чтобы взять кредит онлайн достаточно нажать кнопку 'получить кредит'. Далее следуют простые этапы на пути к цели. Заполняем анкету, (заявку), подробно указав все необходимые данные, (паспорт, идентификационный код). В процессе повторного обращения данное действие упрощается. Ждем несколько минут решения и получаем деньги на карту банка указанную при заполнении анкеты. <h3>Как вернуть взятые деньги в долг с начисленными процентами?</h3> Все очень просто. Есть три варианта возврата кредитной задолженности. Среди них: - оплата с помощью пластиковой карты в личном кабинете на сайте; - погашение кредита в платежных терминалах; - банковский перевод наличными на счет компании. На представленном сервисе нет скрытых комиссий. Решения по кредитам принимаются оперативно. Сервис имеет много положительных отзывов от постоянных клиентов. Компания всегда прислушивается к индивидуальным потребностям каждого и постоянно совершенствует качество обслуживания потребителей. Так, что взять кредит онлайн можно в любое время суток без выходных. Стоит только лишь попытаться и Вам ответят взаимностью.";"CashUp - кредит онлайн за пять минут";"<meta name='description' content='Самый быстрый сервис онлайн кредитования в Украине предлагает взять деньги в долг на выгодных условиях всем желающим.'> <meta name='keywords' content='кредит онлайн,быстрый займ,деньги в долг,займы онлайн,кредит онлайн на карту'>"
;18;"<h1>Ваша готивочка - кредит онлайн на карту любого банка.</h1>  Если желаете взять кредит без комиссий и скрытых платежей с низкой процентной ставкой, то компания 'Ваша готивочка' быстро удовлетворит данную потребность. Для этого нужен только интернет и минимум документов, которые смогут засвидетельствовать Вашу личность, (паспорт, идентификационный код). Поскольку кредитные средства выплачиваются на банковские карты клиентов, нужно открыть карточный счет в банке. Каждый желающий имеет возможность взять деньги в долг на сумму до 7000 гривен сроком не более чем на 16 дней. Кредитный период можно продлевать без дополнительных комиссий. <h2>Как получить кредит онлайн от сервиса 'Ваша готивочка'?</h2> Чтобы взять займы в выше представленной компании необходимо войти на сайт - vashagotivochka.ua и для начала воспользоваться простым кредитным калькулятором. Введя необходимую сумму кредита и срок кредитного периода Вы сможете подсчитать сколько в итоге придется отдать денег компании после его завершения. Далее жмем кнопку 'получить займ' и заполняем заявку детально указав все необходимые данные в соответственные поля. Данная процедура займет не более пяти минут. После отправки данных остается дождаться решения, которое также принимается оперативно, (не более 15-ти минут) и получить кредитные средства в указанной сумме на карту любого банка Украины. Процентная ставка по кредиту всего 2,2%. <h3>Как вернуть кредитную задолженность на счет компании?</h3> С данной целью можно обратиться непосредственно в одно из представительств компании 'Ваша готивочка' или осуществить денежный перевод в отделении любого банка Украины. Сервис работает по всем регионам нашей страны. По этому каждый желающий имеет шанс воспользоваться его услугами. Для этого Вам не нужно посещать офис упомянутой компании либо стоять в очередях возле банковских касс. Все намного проще, если есть пару минут свободного времени и доступ в сеть Интернет. Для постоянных клиентов предусмотренная программа лояльности. Сервис полностью отвечает за конфиденциальность и сохранение личных данных каждого клиента от действий злоумышленников.";"Ваша готивочка - быстрый кредит онлайн";"<meta name='description' content='Быстрый займ онлайн до 7000 гривен всего за 15 минут.'> <meta name='keywords' content='кредит онлайн,онлайн кредиты,оформить кредит,деньги в долг,взять кредит,кредит онлайн на карту'>"
;19;"<h1>'МореГрошей' - взять деньги в долг просто.</h1>  Чтобы взять кредит в представленном сервисе необходимо посетить ближайшее отделение компании или оформить заявку на сайте. Получить кредит онлайн выгодно. Вам не нужно выходить из дома, заявка заполняется в течении всего нескольких минут, решения по кредиту принимаются оперативно, деньги поступают на банковскую карту. Для того, чтобы взять кредит онлайн на карту необходимы только паспорт и идентификационный код. Каждому желающему доступна сумма кредитных средств от 500 до 10 000 гривен сроком от 5-ти до 30-ти дней. Процентная ставка составляет 1,6%. <h2>Как получить кредит в сервисе 'МореГрошей'?</h2> Кредиты выдаются гражданам Украины старше 21-го года. Для того, чтобы получить быстрый займ необходимо посетить официальный интернет ресурс сервиса и заполнить заявку. Вас также попросят подтвердить адрес электронной почты и номер мобильного телефона. После заполнения и отправки заявки нужно дождаться решения экспертов компании. Как правило, эта процедура не занимает больше 15-ти минут. Если у Вас нет задолженности по предыдущим кредитам, сформирована хорошая кредитная история, тогда вполне можете рассчитывать на принятие утвердительного решения. Деньги зачисляются на карту банка. <h3>Как вернуть кредит онлайн на счет компании?</h3> Сервис предоставляет несколько доступных каждому варианта погашения кредитной задолженности. Среди них: - перевод средств с банковской карты в личном кабинете на сайте; - оплата наличными в отделении любого украинского банка; - пополнение посредством платежного терминала. К Вашим услугам только прозрачные условия предоставления кредитов, легкость в оформлении и использовании сервиса, отсутствие скрытых платежей и комиссий. Компания предоставляет займы онлайн на любые потребности. Решения по кредиту принимаются оперативно. Воспользоваться услугами можно в любое время суток.";"Сервис 'МореГрошей' - онлайн кредит на выгодных условиях";"<meta name='description' content='Желаете получить быстрый кредит онлайн? Сервис оперативно принимает решения по кредитам, 80-90% из них есть утвердительными.'> <meta name='keywords' content='кредит онлайн,онлайн кредиты,оформить кредит,деньги в долг,взять кредит,кредит онлайн на карту'>"
;20;"<h1>Грошы Всем - оформить кредит просто.</h1>  С оформлением кредитов в нашей стране проблем нет. Онлайн сервис 'Грошы Всем' всегда готов Вам это доказать. Каждый желающий имеет возможность быстро оформить микрозайм онлайн на выгодных условиях. Для этого необходимо, чтобы Вам уже исполнилось 18 лет, был стабильный доход, пусть даже и не официальный и минимальный пакет документов - паспорт, а также идентификационный код. Идти лично в отделение кредитной компании нет необходимости. Этот вопрос можно решить посредством сети Интернет. Поскольку деньги зачисляются на карточный счет клиента, стоит предварительно позаботиться об оформлении пластиковой банковской карты на свое имя. Решения по кредиту принимаются всего за 15 минут. Кредитный лимит от 500 до 15 000 гривен сроком от одного до двадцати одного дня. Процентная ставка всего - 1,9%. <h2>Как оформить кредит в компании 'Грошы Всем'?</h2> Очень просто. Необходимо посетить сервис, (официальный интернет ресурс компании). После этого можно подать заявку на кредит онлайн. В ней Вас попросят внимательно заполнить некоторые персональные данные и честно ответить на важные вопросы. На основе отправленных данных на протяжении 15-ти минут будет приниматься решение по кредиту. Если с кредитной историей все в порядке, нет задолженности по предыдущим кредитам, тогда решение обязательно будет утвердительным. Взять микрозайм онлайн могут даже люди преклонного возраста, (до 70-ти лет). Не нужно справок о доходах и с пенсионного фонда. Все быстро, легко и просто. <h3>Как вернуть кредит?</h3> Для никого не секрет, что долги всегда нужно возвращать в срок. В таком случае будет шанс обратиться снова при возникновении необходимости. Способов возврата кредитной задолженности несколько и все они доступны каждому. Самый быстрый - перевод средств с карточного счета в личном кабинете на сайте. Не подходит? Тогда можно воспользоваться платежными терминалами или обратиться в банк для осуществления денежного перевода. Также Вас всегда ждут в любом из филиалов компании. Онлайн сервис доступен к Вашим услугам постоянно.";"Грошы Всем - микрозайм онлайн";"<meta name='description' content='Компания Грошы Всем предоставляет возможность оформить кредит на выгодных условиях всем желающим.'> <meta name='keywords' content='микрозайм онлайн,подать заявку на кредит,оформить кредит'>"
;21;"<h1>Cash Point - онлайн займ на выгодных условиях.</h1>  Благодаря интернету получить кредитные средства можно уже через несколько минут после подачи заявки. Подобную услугу предлагает онлайн сервис Cash Point. Первый кредит с экономией сорок процентов. Благодаря специальной тарификации 'Прайм' Вы получаете до пяти дней бесплатного использования кредитных средств. Выше представленная компания дает возможность всем желающим получить экспресс кредит до семи тысяч гривен сроком на пятнадцать дней. Для этого не нужно справки о доходах и помощи поручителей. Кредитная ставка всего - 2%. <h2>Как получить кредит в интернете с помощью Cash Point?</h2> Для начала стоит посетить веб ресурс упомянутой кредитной компании и воспользоваться кредитным калькулятором, чтобы подсчитать сумму возврата кредита на основе введенной суммы займа и кредитного периода. После этого можно уже переходить к оформлению заявки. Необходимо заполнить анкету указав все запрашиваемые данные и отправить экспертам для принятия решения. В течении пятнадцати минут придет ответ, который можно отследить в личном кабинете на сайте или в телефонном режиме. Если решение будет утвердительным Вы сможете получить онлайн займ в запрашиваемом размере в ближайшем отделении компании, наличными. <h3>Как вернуть экспресс кредит на счет компании?</h3> Если у Вас есть банковская карта с необходимой для погашения суммой, процедура возврата в таком случае легко и быстро осуществляется в онлайн режиме. Заходим на сайт, далее переходим в меню 'Оплата' и указываем номер договора, а также свои ФИО. Осталось только указать сумму, которая будет списана с вашей пластиковой карты. Клиенты имеют возможность погашать кредиты полностью либо частично. Только необходимо следить за тем, чтобы не было просрочек так, как это отрицательно сказывается на Вашей кредитной истории. Компания Cash Point всегда проявляет лояльность к своим клиентам. Если Вы обращаетесь не впервые и имеете положительную характеристику, можете рассчитывать на то, что Вам предложат воспользоваться специальными предложениями, которые принесут личную выгоду в плане экономии финансовых средств, увеличения суммы кредита и непосредственно самого кредитного периода.";"Cash Point - экспресс кредит за 15 минут";"<meta name='description' content='Cash Point - онлайн займ до 7000 грн наличными на 15 дней.'> <meta name='keywords' content='кредит в интернете,онлайн займ,экспресс кредит'>"