"/";"Лучший кредит";"<h4>Что такое микрокредит?</h4> <p>В наше время возможность взять кредит онлайн перестала быть чем-то особенным. Ежемесячно в Украине появляются различные кредитные компании, готовые помочь людям в трудную минуту, предлагая получить онлайн кредит наличными на карту.</p> <p>Но, к сожалению, чем больше компаний появляется, тем больше возникает вопросов – какая компания предоставит лучшие условия займа, где получить честные отзывы о кредитных компаниях и как не попасть впросак.</p> <h4>Сервис сравнения онлайн займов</h4> <p>На помощь приходит компания Procent. Наша команда состоит из аналитиков рынка микрокредитования, поэтому мы покажем Вам уникальную информацию о том, как проходит процесс кредитования в Украине и вместе с нами Вы пройдете путь от заполнения заявки на онлайн кредит на карту, до советов что делать, если Ваш долг был продан коллекторам. Также наш проект содержит актуальную информацию о микрокредитах, акциях, промокодах и специальных предложениях, поэтому при помощи Procent Вы владеете актуальной информацией где взять онлайн кредит выгодно.</p> <p>Зачем мы это делаем? В основном, из личного энтузиазма. Финансовое воспитание в Украине находится не на лучшем уровне и многие люди попадают в большие проблемы там, где проблем можно избежать вовсе. Мы подготовим Вас ко всем неприятным моментам, которые могут возникнуть на Вашем кредитном пути, рассмотрим самые наболевшие вопросы: как работает пролонгация; что делать, если не можешь вернуть кредит; что делать, если Ваш кредит продали коллекторам; как увеличить шансы на получение кредита.</p> <h4>Самые свежие предложения микрокредитов</h4> <p>Не забудьте подписаться на нашу онлайн рассылку и Вы будете в курсе акций всех компаний на рынке микрокредитов Украины.</p> <h4>Procent – Ваш помощник в мире онлайн кредитов.</h4>"
"kredit/bez-spravok";"Кредиты без справки о доходах";"<h4>Как взять кредит быстро и без справок о доходах</h4> <p>Каждый человек рано или поздно сталкивается с различными финансовыми проблемами. Нет денег, чтобы купить нужную вещь или оплатить услуги. Чтобы взять кредит в банке – необходимо пройти мучительную волокиту с кучей бумаг, долго ожидать результат, который к тому же не всегда может быть положительным. Именно для этого на сегодняшний день существует множество компаний, которые могут дать деньги взаймы. Более того, многие компании дают возможность взять кредит онлайн без справок.</p> <p>Получить деньги через интернет – это один из самых простых и быстрых способов для тех, кто имеет платежную карту. На оформление такого кредита потребуется 10-15 минут после отправки заявки.</p> <h4>Кредит без справок о доходах с минимумом условий</h4> <p>Многие кредитные компании имеют такую функцию, как кредитование онлайн. Эта услуга создана специально для того, чтобы клиент мог без труда получить кредит наличными без справки о доходах. Каждый этап этого процесса легкий и доступный. Для пользователей интернета не составит труда получить кредит. Онлайн заявка, без справки о доходах, может быть заполнена через компьютер, планшет или даже телефон. Именно такой подход к работе позволяет сэкономить людям время, а значит и деньги.</p> <p>Как правило, кредитные компании не выдвигают много условий. Для того, чтобы взять кредит без справки о доходах, нужно выполнить такие требования:</p> <ul> <li>Заемщиком может быть только человек, достигший совершеннолетия;</li> <li>Необходимо иметь телефон и электронную почту;</li> <li>Предоставить компании код ИНН и паспорт (скан этих документов прикрепить к заявке).</li> </ul> <p>Чтобы клиент мог взять кредит без справок, он должен помнить: анкета должна быть заполнена достоверной информацией, поскольку исходя из этой информации будет формироваться решение о предоставлении кредита. Каждый клиент должен знать, что вся его личная информация передается через защищенный каналы.</p> <h4>В какой компании взять кредит</h4> <p>Естественно, после такой информации сразу же возникает вопрос, где найти компанию, которая даст кредит наличными без справок? Вы всегда можете воспользоваться услугами компании Sravni Zajm. Здесь Вам помогут найти наиболее подходящий вариант для решения Вашей финансовой проблемы. Вам предоставят множество вариантов компаний, которые на выгодных условиях смогут предоставить Вам быстрый кредит без справок</p> <p>Единственное, каждому заемщику необходимо обращать внимание на условия, которые предлагает кредитная компания. Как правило, на сайте каждой такой компании есть специальный калькулятор, который поможет рассчитать сумму возврата с процентами. Но даже если Вам этот процесс будет непонятен, специалисты из компании Sravni Zajm ответят на все Ваши вопросы.</p>"
"kredit/cherez-internet";"Кредиты через интернет";"<h4>Нужен кредит? Через интернет его получить быстро и легко</h4> <p>На сегодняшний день практически каждая компания имеет свою страничку в интернете, которую клиент может использовать в своих целях. Кредитные компании не исключение. Теперь можно оформить кредит через интернет и таким образом быстро решить все свои финансовые проблемы. Использовать интернет для оформления кредита – это отличная возможность для тех, кто хочет получить деньги быстро и без множества документов.</p> <h4>Как взять кредит в интернете</h4> <p>С первого взгляда может показаться, что такие операции требуют множество усилий, знаний и навыков в использовании интернета. На самом деле все гораздо проще, чтобы получить кредит по интернету, достаточно выполнить несколько условий:</p> <ul> <li>Быть совершеннолетним клиентом;</li> <li>Иметь паспорт и идентификационный код;</li> <li>Иметь телефон и электронную почту.</li> </ul> <p>Этот вариант отлично подходит для тех, кто не может предоставить справку о доходах, не имеет поручителей. Важно помнить, что при оформлении заявки необходимо указывать истинные данные, поскольку они будут проверяться и на основе этого компания решит, можно ли выдавать клиенту кредит.</p> <p>Такая услуга, как интернет кредит, имеет достаточно много преимуществ:</p> <ol> <li>Получить деньги можно через 15 минут после оформления заявки на платежную карту любого вида.</li> <li>Не требуется предоставлять справки о доходах и искать поручителей.</li> <li>Выгодные условия, можно сразу увидеть процентную ставку.</li> <li>Вероятность того, что Вам дадут такой кредит – 80-90%.</li> <li>Выплачивать такой кредит можно через банковскую карту, в терминалах самообслуживания и в банках.</li> </ol> <p>Как видим, кредит в интернете - это очень полезная услуга, которой может воспользоваться каждый.</p> <h4>Как сотрудничать с кредитными компаниями</h4> <p>Найти кредитную компанию очень просто, их сейчас масса в интернете и каждая готова предложить Вам свои услуги. Но необходимо помнить, что прежде, чем заключать договор, нужно ознакомиться со всеми его пунктами, обратить внимание на проценты и срок выплаты. Нужно придерживаться таких правил, чтобы не возникло проблем с кредитной компанией:</p> <ul> <li>Не стоит устанавливать маленький срок выдачи, поскольку может возникнуть финансовая загруженность, но с другой стороны, выставляя большой срок – начисляется больше процентов;</li> <li>Берите только ту сумму, которая Вам необходима;</li> <li>Не пропускайте обязательные платежи, поскольку из-за их просрочки могут начисляться штрафы;</li> <li>Если Вы не имеете возможности внести обязательный платеж – обязательно предупредите об этом представителя компании;</li> </ul> <p>Это самые легкие правила, придерживаясь которых Вы быстро и без проблем выплатите свой кредит.</p>"
"kredit/do-zarplaty";"Кредиты до зарплаты";"<h4>Не хватило денег до зарплаты? Получите кредит в интернете</h4> <p>Наверное, у каждого были такие моменты, когда попросту не хватает денег на проживание или важную покупку, а зарплата ещё не скоро. В таких случаях не нужно отчаиваться! Ведь сегодня можно взять кредит до зарплаты не выходя из дому. Достаточно иметь интернет и всего за пару кликов Вы можете стать обладателем нужной сумы.</p> <h4>Где и как взять кредит?</h4> <p>Поскольку онлайн кредит – это самое простое решение для всех финансовых проблем, сразу же могут возникнуть вопросы где же найти такую компанию и как получить эти деньги. Все просто, достаточно ввести запрос в интернете или же воспользоваться услугами компании Sravni Zajm, где Вам подберут наиболее подходящий вариант.</p> <p>Составить заявку на такой кредит очень просто - на сайте кредитных компаний есть специальные формы, которые необходимо заполнить. Главное помнить, что на все вопросы анкетирования необходимо отвечать честно, поскольку от точности этой информации зависит, дадут ли Вам кредит.</p> <p>Процесс выдачи кредита очень прост – Вы заполняете заявку, Вам приходит смс о том, что Ваша заявка рассматривается, после этого поступает звонок из компании и сообщают результат.</p> <h4>Какой он, кредит через интернет</h4> <p>Кредит по интернету выбирают множество заемщиков. Почему стоит именно такой кредит выбрать? Он обладает такими характеристиками:</p> <ol> <li>Не нужно собирать множество документов, предъявлять справку о доходах, указывать поручителя или оставлять залог. Достаточно иметь паспорт и ИНН код.</li> <li>Получить кредит онлайн до зарплаты можно в течение 20 минут.</li> <li>80-90% того, что кредит одобрят.</li> <li>Его можно получить на любую платежную карту.</li> </ol> <p>Но самым главным преимуществом является то, что Вы сами выбираете где взять кредит онлайн до зарплаты, на каких условиях и на сколько. На сайтах кредитных компаний уже есть специальные калькуляторы, которые моментально посчитают процентную ставку и сумму возврата через определенное время. Эта функция очень удобна и прозрачна, поскольку Вы не будете платить выше указанной суммы.</p> <p>Заполняя заявку на онлайн кредит, каждый клиент может быть уверенным в конфиденциальности, поскольку все данные о клиенте передаются по защищенным каналам.</p> <p>Поэтому если вам срочно нужны денги, но нет времени и сил на поиски знакомых, родственников, которые могут помочь – обращайтесь в кредитные компании через интернет. Это самый простой и доступный способ быстро получить нужную сумму.</p>"
"kredit/bez-poruchiteley";"Кредиты без поручителей";"<h4>Как взять кредит без поручителей</h4> <p>Деньги – это неотъемлемая часть нашей жизни. И как правило, именно их всегда не хватает. Бывают времена, когда надо срочно произвести важную покупку или оплатить счета, а средств на это нет. Конечно, каждый задумывался о кредитах, но многих останавливает то, что нужно собирать много документов, искать поручителей и ждать решение. Но это все необходимо только в банке. Взять кредит без поручителей можно, к тому же на это действие не потребуется больше 20 минут.</p> <h4>Где взять кредит без залога и поручителей</h4> <p>В течение 20 минут можно получить кредит, воспользовавшись интернетом. В сети есть множество компаний, которые готовы предоставить любому клиенту такой кредит. Более того, сайты таких компаний оснащены специальными калькуляторами, которые сразу же посчитают сумму выплаты кредита с процентами за установленный Вами срок.</p> <p>Чтобы получить кредит без залога и поручителей достаточно выполнить несколько действий:</p> <ul> <li>Найти компанию, у которой наиболее приемлемые услуги для Вас;</li> <li>Заполнить онлайн заявку, основываясь только на настоящих фактах, поскольку вся информация будет проверяться;</li> <li>Прикрепить к заявке качественную копию паспорта и идентификационного кода.</li> </ul> <p>После выполнения этих действий Вам придет смс-уведомление о том, что Ваша заявка поступила на рассмотрение, и уже через 15-20 минут Вам позвонит представитель кредитной компании и сообщит о результате. Получить такой кредит можно на любую платежную карту и сразу использовать эти деньги.</p> <p>Для того, чтобы найти хорошую кредитную компанию, лучше всего воспользоваться услугами компании Sravni Zajm. Сотрудники этой компании ответят Вам на все вопросы, касающиеся кредитов. А также подберут компанию с наиболее удобными для Вас условиями, помогут пройти каждый этап оформления кредита через интернет. Воспользовавшись услугами этой компании, Вы сможете взять кредит без поручителей, а также узнаете о различных акциях, промокодах кредитных компаний.</p>"
"kredit/s-plohoi-ki";"Кредиты без кредитной истории";"<h4>Можно ли взять кредит без кредитной истории?</h4> <p>Проблемы с деньгами бывают всегда. Иногда их можно решить, подождав до зарплаты, а иногда на ожидание совсем нет времени и надо срочно что-то предпринимать. Отличным решением является кредит.</p> <p>Кредит может понадобиться как тем, кто уже брал или имеет кредит, так и тем, кто ещё не сталкивался с этим процессом. Сейчас наиболее популярным является онлайн кредит, поскольку его можно взять через интернет, не покидая свой дом.</p> <p>Сразу ответим на самый главный вопрос – кредит онлайн без проверок кредитной истории взять нельзя. Каждая компания поверяет кредитную историю у клиента, поскольку только так можно убедиться в надежности клиента и его платежеспособности.</p> <p>Именно из-за плохой кредитной истории, из 100% клиентов – 30% получают отказ. Но не стоит опускать из-за этого руки, поскольку сотрудничать с кредитными компаниями гораздо проще, чем с банком и ещё есть надежда на получение такого кредита.</p> <h4>Что делать, если плохая кредитная история</h4> <p>На самом деле решить ситуацию с плохой кредитной историей можно несколькими путями:</p> <ol> <li>Можно отказаться от кредита на 15 лет, поскольку именно столько лет кредитная история сохраняется в базе данных.</li> <li>Нельзя получить онлайн кредит на карту без проверки, а вот кредитную историю исправить можно.</li> </ol> <p>Первый способ нам явно не подходит, поскольку нужно слишком долго ожидать, а деньги нужны срочно.</p> <p>Второй способ – это возможность исправить кредитную историю легко и легально. Прежде всего вы можете запросить получение своей кредитной истории. Ответ будет готов в течение 10 дней. Вы увидите свои неоплаченные долги и можете внести платеж по просроченному кредиту. Также Вы можете взять новый кредит и быстро его погасить, лучше всего такой кредит брать на технику, поскольку можно взять в кредит недорогостоящий товар и быстро его выплатить. Кредитная история проверяется по трем последним кредитам.</p> <p>Конечно, на этот вариант потребуется время и усилия, но таким способом Вы действительно можете улучшить свою ситуацию и повысить возможности на получение кредита.</p> <h4>Где взять кредит срочно?</h4> <p>Но бывают моменты, когда на все маневры с кредитной историей просто нет времени и нужно срочно что-то делать. В таком случае можно взять кредит онлайн. В Украине без проверок ни одна кредитная компания не выдает кредиты, поскольку каждая из них держится «на плаву» за счет своих заемщиков. Но несколько простых способов повысят Вашу возможность получить онлайн кредит:</p> <ol> <li>Заполнять заявку на кредит необходимо честно, не стоит указывать неправдивую информацию о своей платежеспособности или, наоборот, скрывать свои дополнительные доходы. Вся информация, которую получает кредитная компания, проверяется. И если в ней будут ошибки или неправда, то клиент получит отказ.</li> <li>Хоть и не выдают такие компании кредиты без кредитной истории, но все же сотрудничать с ними значительно легче. Вам не придется срочно готовить пакет различных справок, поскольку документов на онлайн займ нужно гораздо меньше. Достаточно предоставить качественную копию паспорта и ИНН кода. В паспорте обязательно должно быть хорошо видно фотографию и прописку. Клиентам не стоит переживать о своих данных, поскольку они передаются по защищенным каналам.</li> <li>Необходимо указать свои точные контакты – телефон и электронную почту.</li> </ol> <p>Если у Вас плохая кредитная история, это ещё не значит, что у Вас нет шансов получить кредит онлайн. Без проверки мгновенно, конечно, кредит никто не даст. Но Ваша заявка будет рассмотрена. Тем более многие компании нуждаются в клиентах и могут предложить кредит на других условиях.</p> <p>В том случае, если Вы не имеете понятия куда можно обратиться, Вам поможет компания Sravni Zajm. Здесь работают консультанты, которые могут подобрать для Вас наиболее подходящую компанию, где будет высокий шанс получить кредит с плохой кредитной историей. Вам подберут компанию, где наиболее приемлемые условия, ответят на все вопросы, которые касаются кредитов онлайн.</p> <p>Взять кредиты без кредитной истории срочно нельзя, но можно найти кредитную компанию, которая все-таки выдаст Вам кредит быстро на карту.</p>"
"kredit/bezrabotnym";"Кредиты безработным";"<h4>Кредит для безработных</h4> <p>За последние годы кредит стал самым распространенным решением финансовых проблем. Это и не странно, поскольку сейчас оформить кредит можно без волокиты с бумагами, длительного ожидания и даже не выходя из дому. Сегодня банковские услуги уже не имеют такой популярности, поскольку их с рынка кредитования вытесняют кредитные компании.</p> <p>Это компании, которые предоставляют онлайн услуги, к тому же воспользоваться их услугами гораздо проще – достаточно будет оформить онлайн заявку и предоставить копию паспорта и ИНН кода. И ещё одна особенность кредитных компаний заключается в том, что они выдают кредит безработным.</p> <h4>Как взять кредит если нет работы</h4> <p>К сожалению, ежегодно увеличивается количество людей, которые потеряли работу и не могут устроиться на новую. Естественно, денег нет, а жить за что-то нужно.</p> <p>К категории безработных относятся не только те, кто по факту не имеют работы, ещё и люди, которые устроены неофициально или не могут документально подтвердить свой уровень доходов.</p> <p>Но даже для тех людей, которые представляются как неплатежеспособные заемщики, нет безвыходных ситуаций. Получить кредит, без работы к тому же, в банке вряд ли получится, а вот кредитные компании дают такую возможность. Для того, чтобы получить займ у кредитной компании онлайн, достаточно пройти такие действия:</p> <ul> <li>быть совершеннолетним заемщиком (такие кредиты выдаются только с 18 лет, никак иначе);</li> <li>заполнить онлайн заявку, к которой необходимо прикрепить качественную копию паспорта и идентификационного кода;</li> <li>указать свой телефон и адрес электронной почты.</li> </ul> <p>Из всего этого особое внимание необходимо уделить оформлению заявки, все данные должны быть точными, нельзя скрывать информацию о своей платежеспособности. Кредитные компании используют специальные программы, которые проверяют все данные, указанные в заявке. Поэтому если Вы хотите получить кредит, но Вы без работы, то обязательно перед отправлением заявки проверьте точность информации.</p> <p>Номер телефона и электронный адрес необходимы для того, чтобы отправить Вам уведомление о том, что заявка поступила на рассмотрение. А после Вам позвонят и скажут ответ. На обработку таких заявок требуется, как правило, не больше 20 минут.</p> <p>Кредитные компании предоставляют удобный сервис клиентам, но все они имеют разные критерии и разные условия кредитов. Поэтому лучше всего обратиться в компанию Sravni Zajm, поскольку здесь занимаются мониторингом таких компаний и знают, какие компании на самых лучших условиях предоставят Вам займ. К тому же здесь Вы можете получить всю необходимую информацию о процессе получения кредита и его выплаты. Не стоит тратить драгоценное время на поиски кредитной компании, если за Вас это уже сделали в компании Sravni Zajm.</p>"
"kredit/bez-procentov";"Кредиты без процентов";"<h4>Кредит быстро и без процентов – возможно ли?</h4> <p>Интернетом пользуется практически каждый человек в мире. Это и понятно, его можно использовать в любых целях начиная от покупок и заканчивая заказом разновидных услуг на дом. Именно поэтому сейчас есть такая удобная услуга от кредитных компаний, как займ онлайн. Теперь люди при необходимости могут получать деньги не выходя из дому. Это очень удобно и не требует много усилий.</p> <h4>Как получить кредит онлайн бесплатно</h4> <p>Получить кредит через интернет очень просто, для этого нужно лишь заполнить онлайн заявку и ожидать результатов. Но, каждый пользователь интернета должен знать, что заявка на кредит онлайн оформляется бесплатно. За её подачу и рассмотрение не нужно платить какие-то взносы. Если оформляя заявку, от Вас потребовали какой-то взнос – это действия мошенников, на которые нельзя реагировать.</p> <p>Займ онлайн имеет ряд преимуществ:</p> <ul> <li>Для подачи заявки достаточно иметь идентификационный код и паспорт;</li> <li>Клиент получает ответ в течение 20 минут после оформления заявки, при этом 8 из 10 человек получают положительный ответ;</li> <li>Даже у заемщиков с плохой кредитной историей есть шанс получить онлайн кредит;</li> <li>Деньги поступают на карту и их сразу можно использовать.</li> </ul> <p>Это основные преимущества займа онлайн. Но каждый клиент должен понимать, что такая услуга имеет не только положительные качества.</p> <p>К сожалению, взять кредит без процентов в Украине невозможно. Кредитные компании существуют благодаря своим заемщикам. Но у каждой компании установлены свои проценты, которые Вы можете сразу узнать. Практически все кредитные компании, которые предоставляют онлайн услуги, на своем сайте имеют специальный калькулятор, с помощью которого сразу можно рассчитать какой будет процент на кредит на определенный срок, и Вы сразу же узнаете, какую сумму Вам необходимо будет вернуть компании. Хоть и взять кредит онлайн без процентов нельзя, но Вы всегда можете выбрать компанию, у которой процентная ставка меньше.</p> <p>И чтобы не тратить время на поиски компании с выгодными условиями, Вы всегда можете обратиться за помощью в компанию Sravni Zajm. Здесь наилучшие аналитики, которые ежедневно сравнивают множество компаний и знаю, где более выгодно оформлять сделку. Вам не найдут компанию, которая выдает кредит без процентов, но Вам предоставят варианты компаний, у которых самые низкие процентные ставки и оптимальные условия оформления кредита. Также в Sravni Zajm Вы сможете получить ответы на любые вопросы, которые касаются онлайн кредитования.</p>"
"kredit/bystryj";"Быстрые кредиты";"<h4>Где можно максимально быстро взять кредит онлайн?</h4> <p>Каждый человек в жизни сталкивался с финансовыми проблемами. Это одни из самых распространённых проблем, именно поэтому сейчас есть столько способ их решить. За кредитом всегда можно обратиться в банк, но сейчас это уже не рентабельно, поскольку взять кредит быстро в таком учреждении не получится, а вот потерять время из-за волокиты с документами и долго ждать результата – это обеспечено.</p> <p>Лучшим решением финансовых проблем сейчас являются кредитные компании. Именно в таких компания можно получить кредит быстро. Это вызвано тем, что сейчас каждый человек имеет доступ к интернету и с легкостью может воспользоваться такой услугой, как онлайн кредит.</p> <h4>Что такое онлайн кредит и как им воспользоваться?</h4> <p>Онлайн кредит – это отличная услуга, которой можно воспользоваться не выходя из дома. Для оформления такого кредита достаточно заполнить онлайн заявку и ожидать результатов. Это простейшая услуга, поскольку Вам не понадобится собирать пакет документов, достаточно иметь паспорт и ИНН код. Кредитные компании созданы специально для того, чтоб каждый мог быстро оформить кредит. Обычно, заявка рассматривается в течение 15-20 минут. Из 100% заявок – только 30% получают отказ.</p> <p>Самые частые причины отказов:</p> <ol> <li>Быстро взять кредит не получается у тех, кто указал в заявке недостоверную информацию. Каждый заемщик должен учитывать, что кредитные компании используют специальные программы, которые проверяют достоверность информации. Поэтому если Вы скрыли от компании о своей неплатежеспособности или, наоборот, о дополнительных доходах, ожидайте, что Вам могут отказать. Также необходимо учитывать, что проверяется кредитная история. Поэтому на быстрые кредиты больше шансов у тех, кто не имеет задолженностей или просроченных платежей.</li> <li>Также Вы можете не получить кредит из-за не активированной карты, поэтому перед заполнением анкеты обязательно проверьте её функциональность.</li> </ol> <p>Это маленький список того, на что кредитные компании обращают внимание в первую очередь. Каждая кредитная компания сама решает выдавать ли Вам кредит исходя из своих критерий.</p> <p>Если Вы ищете компанию, где можно взять быстрый кредит, то лучше всего обратиться в компанию Sravni Zajm. Уже длительный период компания предоставляет различные услуги, связанные онлайн кредитованием. Здесь Вам найдут компанию с оптимальными условиями и помогу пройти весь процесс получения кредита через интернет. Именно здесь Вы можете узнать самую необходимую информацию о кредитах, к примеру, где походят различные акции или что делать, если долг продан коллектору.</p>"
"kredit/bez-otkaza";"Кредиты без отказа";"<h4>Кредиты без отказа – возможно ли?</h4> <p>У каждого человека в жизни была ситуация, когда срочно требуются деньги. И, кроме как, обратиться за помощью в учреждения, которые выдают кредиты, больше вариантов нет.</p> <p>На сегодня есть масса кредитных компаний, которые могут дать кредит по минимальному пакету документов и через интернет. Обычно, для оформления заявки на такой кредит достаточно иметь паспорт и идентификационный код. Клиент оформляет заявку, в которой необходимо честно ответить на все вопросы, поскольку личная информация будет проверяться и на основе её правдивости будет сделано решение, можно ли выдать кредит такой личности.</p> <p>Но это поверхностное изложение всей ситуации. Все компании заверяют, что они не дают отказ даже в самых сложных случаях. Хотя на самом деле даже такие компании не всегда безотказны.</p> <p>Итак, почему же компании отказывают в кредите:</p> <ul> <li>Неправильно заполненная заявка;</li> <li>Не активированная карта для получения кредита;</li> <li>Неплатежеспособность клиента;</li> <li>У каждой компании свой уровень принятия, и зависит он от кредитной истории клиента.</li> </ul> <p>Чаще всего кредитные компании отказывают в кредите именно из-за плохой кредитной истории, поскольку именно она показывает компании может ли заемщик вернуть деньги.</p> <h4>Как и где взять кредит без отказа</h4> <p>Вы можете исправить кредитную историю, так сказать, «на будущее». Кредитные компании, как правило, проверяют последние 3 кредита. Поэтому Вы можете взять кредиты и вовремя их выплатить. Чтобы сильно не заморачиваться с этим, можно взять в магазине техники любой товар в кредит и погасить его быстро. Мелкая техника недорогая, в будущем эти операции помогут взять кредит онлайн без отказа.</p> <p>В Украине также существует масса различных кредитных компаний, которые могут дать онлайн кредит даже с плохой историей. Каждая компания сама решает выдавать ли кредит. У некоторых компаний есть варианты для заемщиков с плохой кредитной историей, и они могут предложить оформление договора на кредит. Но условия такого кредита могут быть несколько иными. Например, чтобы получить кредит без отказа, срочно – Вам потребуется пойти на не совсем выгодную сделку. Проценты могут быть несколько завышенными и срок кредита – меньше.</p> <p>Решать Вам, нужно ли брать такой кредит. Если же вы все-таки решились на эту сделку, то внимательно прочтите условия договора и обязательно указывайте достоверную информацию при заполнении заявки на кредит, поскольку именно ошибки и неправдивые ответы в заявках заставляют компанию отказывать в займе.</p> <p>Из 100% только 30% дают отказ, но даже с плохой кредитной историей у Вас есть шанс взять кредит срочно без отказов онлайн.</p> <p>Чтобы выбрать кредитную компанию, которая выдаст деньги в займ на самых приемлемых условиях для Вас, можно воспользоваться услугами компании Sravni Zajm. Именно здесь Вам помогут найти компанию, где Вы будете иметь больше шансов получить займ с плохой кредитной историей. Вам помогут подобрать кредитную компанию, которая требует меньше всего времени на оформление займа без справок.</p> <p>Обычно, для того чтоб взять кредит онлайн, достаточно таких факторов:</p> <ul> <li>Заемщик должен быть совершеннолетним;</li> <li>Указать правильный номер телефона и адрес электронной почты;</li> <li>Предоставить сканированную копию паспорта и ИНН кода.</li> </ul> <p>Заполнив правильно заявку, ответ поступит уже через 15-20 минут.</p> <p>У каждого есть шанс взять кредит срочно без отказа. Украина – это то место, где есть множество онлайн-сервисов, которые предоставляют кредиты без справок. Такие компании стали популярнее, чем банки, поскольку получить в таких компаниях займ гораздо проще.</p>"
"kredit/bez-oficialnogo-trudoustrojstva";"Кредит без официального трудоустройства";"<h4>Как взять кредит без официального трудоустройства</h4> <p>У всех бывают финансовые проблемы. Кто-то может их решить самостоятельно, а кому-то приходится обращаться за помощью в финансовые учреждения за кредитом. Услуги в банке требует много усилий и времени, поскольку необходимо собирать множество документов и предоставлять справку о доходах. Поэтому в банке мало кому удается получить кредит без официального трудоустройства. Но даже у тех людей, которые официально не устроены, есть шанс взять кредит.</p> <h4>Где взять кредит тем, кто официально не трудоустроен</h4> <p>В Украине действует множество кредитных компаний, которые дают возможность взять кредит без официального трудоустройства заемщика. К тому же практические все компании дают возможность оформить кредит через интернет, что существенно облегчает весь процесс.</p> <p>Как это работает? Достаточно просто, все что Вам необходимо – это наличие паспорта и ИНН кода, номера телефона и платежной карты. Вам достаточно честно оформить онлайн заявку и ожидать решения кредитной компании. Здесь выдают заемщикам кредит без подтверждения трудоустройства, не требуют справку о доходах. Главное, указывать только достоверную информацию о себе, поскольку она будет проверяться и на основе Ваших данных кредитная компания решает, выдавать ли Вам кредит.</p> <p>Кредитные компании, которые предоставляют онлайн услуги имеют множество преимуществ:</p> <ul> <li>онлайн заявки рассматриваются в течение 20 минут, и если Вам одобрили кредит, то деньги быстро поступят на платежную карту и ими сразу можно будет воспользоваться;</li> <li>заемщик самостоятельно решает какая сумма ему нужна и на какой срок, если в банке вряд ли вообще будут рассматривать заявку о кредите, к примеру, на 3 дня, то в кредитной компании это считается абсолютно допустимым;</li> <li>не нужно собирать пакет документов;</li> <li>нет необходимости стоять в очередях, Вашу заявку рассматривают тогда, когда Вы можете заниматься своими делами.</li> </ul> <p>Конечно, не все так радужно в кредитах, поскольку за займ необходимо платить проценты. У каждой компании свои условия начисления процентов и для того, чтобы Вам не пришлось заключать невыгодную сделку, Вы всегда можете обратиться в компанию Sravni Zajm. Здесь Вам подберут кредитную компанию с наиболее выгодными для Вас условиями, помогут получить кредит без официальной работы, а также дадут всю необходимую информацию обо всем процессе кредитования. Благодаря компании Sravni Zajm Вам не придется самостоятельно разбираться с оформлением онлайн кредита, с Вами весь этот путь пройдет представитель компании.</p>"
"kredit/s-18-let";"Кредиты с 18 лет";"<h4>Онлайн кредит для совершеннолетних</h4> <p>В жизни бывают разные ситуации, случаются хорошие события и неприятности. Неприятности чаще всего связаны с деньгами, точнее, их отсутствием. Случается, что нет за что купить очень необходимую вещь или элементарно заплатить по счетам.</p> <p>В таких случаях всегда можно воспользоваться кредитом. Наверное, много кто засомневался на слове «всегда». Да, на самом деле это можно сделать всегда и речь идет не о банках, которые требуют много документов и долго не дают ответ. Речь идет о кредитных компаниях. В современном мире эти компании стали широко распространёнными в силу своих возможностей. У кредитных компаний займ можно взять через интернет, что значительно упрощает задачу тем, кому срочно нужны деньги. Но такой кредит доступен только с 18 лет.</p> <h4>Как воспользоваться онлайн кредитом?</h4> <p>Наверное, сразу много кого заинтересовала возможность получить кредит через интернет. Эта процедура достаточно простая и не требует много усилий. Есть небольшой перечень действий, которые необходимо выполнить:</p> <ul> <li>Быть совершеннолетним человеком;</li> <li>Иметь платежную карту любого вида;</li> <li>Заполнить онлайн заявку;</li> <li>Прикрепить качественную копию паспорта и ИНН кода;</li> <li>Указать свои контактные данные – телефон и электронную почту.</li> </ul> <p>Каждый пункт из этого перечня имеет особую важность. Как бы там н было, получить онлайн кредит на карту можно только с 18 лет. Это первое и главное правило для каждой кредитной компании. Принято считать, что только совершеннолетние люди могут быть надежными заемщиками. Именно поэтому доступен только кредит с 18 лет в Украине.</p> <p>Если Вы совершеннолетний человек, то для Вас не составит труда взять кредит. С 18 лет Вы уже можете воспользоваться любой картой и получить необходимую сумму.</p> <p>Что касается онлайн заявки, то тут тоже не возникает особых проблем. Каждому клиенту нужно помнить, что даже если Вам есть 18 – это не значит, что Вашу заявку одобрят. Для того, чтобы получить положительный ответ – необходимо на каждый вопрос отвечать честно. Каждый пункт кредитная компания будет проверять и на основе этого делать вывод, можно ли Вам одобрить кредит или стоит отказать. Не стоит скрывать свою неплатежеспособность или дополнительные доходы.</p> <p>Заполняя заявку также необходимо прикрепить сканированную копию паспорта и идентификационного кода. Копии документов должны быть качественными, главное, чтобы четко было видно фотографию и прописку заемщика. За личные данные можно не беспокоиться, поскольку они передаются кредитным компаниям по защищенным каналам и никаким образом не будут использованы в других целях.</p> <p>Номер телефона и электронную почту необходимо указывать, поскольку Вы будете получать смс-уведомление о том, что Ваша заявка поступила на рассмотрение, а позже Вам позвонит представитель кредитной компании и сообщит о результате. Как правило, заемщик уже через 15 минут получает ответ.</p> <h4>Всем ли совершеннолетним людям дают кредит?</h4> <p>Если Вам нужен кредит, с 18 лет Вы можете подать заявку в любую кредитную компанию. Но Вы должны знать, что если у Вас плохая кредитная история, то велик шанс, что Вы получите отказ. Чтобы исправить кредитную историю, необходимо время и некоторые действия. Но не стоит отчаиваться, поскольку есть компании, которые готовы предоставить займ тем людям, у кого не совсем чистая кредитная история. Вы должны понимать, что, возможно, Вам предложат кредит на менее выгодных условиях и на короткий промежуток времени.</p> <p>И наверное, главное, где же найти компанию, которая предоставит онлайн кредит. Тут совсем все просто, если Вы осведомлены что кредит онлайн выдается с 18 лет, и Вы достигли этого возраста, то Вам достаточно будет обратиться в компанию Sravni Zajm. Здесь работают специалисты, которые занимаются мониторингом рынка микрокредитования, знают об этом все и с радостью поделятся с Вами информацией. Не все кредитные компании выдают кредиты с 18 лет, у некоторых есть немного другие требования. Sravni Zajm - это место, где Вам помогут найти компанию, которая выдает кредиты с 18 лет, а также имеет для Вас наиболее выгодные условия кредитования. Также Вы можете узнать о различных промокодах и акциях, которые проводят кредитные компании.</p>"
"kredit/pensioneram";"Кредиты пенсионерам";"<h4>Как получить кредит пенсионерам</h4> <p>Деньги – это средства, необходимые для существования. Как бы там ни было, без денег сейчас никуда. И с нашей экономической ситуацией этих денег часто не хватает. Многие люди в Украине имеют уже отрытую кредитную историю, поскольку, кроме как в кредит, денег больше нет где взять.</p> <p>Хорошо, когда Вы официально трудоустроенный человек, имеете хорошую кредитную историю. А что делать людям, у которых нет работы, или, к примеру, как взять кредит пенсионерам?</p> <p>Конечно, в банк идти с такими просьбами – это минимальный шанс получить нужную сумму, особенно нетрудоустроенным людям и пенсионерам. Остальным, например, кроме основного пакета документов, также надо представлять оформленный полис по страховании жизни, и обязательно иметь поручителей.</p> <p>Но сейчас есть кредитные компании, которые дают возможность даже взять кредит пенсионеру.</p> <h4>Куда обратиться за кредитом пенсионерам</h4> <p>Да, правда, кредитные компании выдают кредиты без возрастных ограничений. В отличие от банков, в кредитных компаниях совсем другие условия. Для того, чтобы взять займ в кредитной компании не нужно предоставлять справку о доходах или страховой полис, достаточно иметь паспорт и идентификационный код.</p> <p>Почему стоит выбрать кредитную компанию:</p> <ul> <li>заемщик самостоятельно решает на какую сумму и на какой срок взять себе кредит;</li> <li>не нужно предоставлять множество бумаг;</li> <li>онлайн кредит оформляется за 20 минут, и 8 из 10 заявок получают одобрение;</li> <li>не нужно ходить в банк, стоять в очередях, в кредитных компаниях можно получит займ не отрываясь от своих бытовых дел.</li> </ul> <p>Поэтому если нужно взять кредит пенсионерам, в Украине лучше обращаться с таким запросом в кредитные компании.</p> <p>Более того, кредитные компании имеют отличный сервис, и могут выдавать пенсионерам кредит онлайн. Возможно, пенсионерам не совсем удобно пользоваться такой услугой в силу своих недостающих навыков и неопытности, но не стоит огорчаться. Сегодня можно обратиться в компанию Sravni Zajm, здесь не только помогут оформить кредит пенсионеру, но и подберут компанию с самыми лучшими условиями, низкими процентными ставками на кредит. Эта компания создана специально для того, чтобы помогать людям в поисках хорошей кредитной компании и тем самым экономить время.</p>"
"kredit/nalichnymi";"Кредит наличными";""
"kredit/na-karty";"Кредиты на карту";"<h4>Кредит на карту – быстро и легко!</h4> <p>На сегодняшний день практически каждый человек пользуется сервисом платежных карт, поэтому не удивительно, что ежедневно каждый второй потребитель нуждается в кредите, причем срочно. Потребители больше не используют традиционные программы по кредитованию, поскольку людям необходим быстрый займ, чтобы оперативно решить свои финансовые проблемы. И такой вариант есть – это кредит на карту онлайн.</p> <h4>Преимущества онлайн кредитов</h4> <p>Быстрый кредит онлайн – это оптимальный вариант для получения денег в короткие сроки. Онлайн кредит на карту – это процесс, который имеет множество преимуществ. Ритм жизни очень быстрый, каждая минута на счету. Поэтому для того, чтобы не тратить драгоценное время на сбор документов, ожидания ответов от банков, легче и быстрее брать кредит онлайн на карту.</p> <p>Преимущества онлайн займа:</p> <ul> <li>кредитование происходит мгновенно;</li> <li>нет необходимости в сборе различных документов, которые должны подтвердить платежеспособность клиента, для того чтобы оформить кредит онлайн, достаточно иметь паспорт;</li> <li>сразу после поступления кредита на карту, деньги можно обналичивать или использовать карту для оплаты услуг и товаров;</li> <li>оформление кредита через интернет-ресурсы абсолютно безопасное, поскольку вся информация проходит по защищенному каналу SSL;</li> <li>перевод средств онлайн может быть выполнен на карту любой платежной системы;</li> <li>платежная карта может быть как кредитная, так и дебетовая.</li> </ul> <p>Единственное и основное условие заключается в том, что взять кредит онлайн на карту может только владелец платежной карты.</p> <p>Взять кредит онлайн – это отличная возможность обойти банковские учреждения, поскольку компании, которые выдают кредиты на карту, являются отличной альтернативой банкам, и при получении такого кредита не возникнет проблем. За короткий период клиенты получают необходимую сумму и тут же могут ею воспользоваться.</p> <h4>Онлайн займ: надежное оформление</h4> <p>В Украине есть множество компаний, которые готовы оформить кредит на карту. Но перед клиентами возникает главный вопрос – у кого же оформить микрокредит на выгодных условиях для себя.</p> <p>Наша компания Sravni Zajm работает для того, чтобы потребитель мог определиться какую компанию выбрать для кредитования. В перечне есть компании, которые дают кредиты от 50 до 10000, сроком до 35 дней. На сайте есть удобный калькулятор, который сразу рассчитает проценты на кредит к общей сумме. Наша упрощенная система помогает получить кредит онлайн всего за пару кликов. В нашей компании работают аналитики, которые объяснят все этапы получения такого кредита. Клиентам предоставляется любая информация, которая касается онлайн кредитов, будь то вопрос о том, как оформляется онлайн заявка на кредит или же о том, что делать если долг продан коллекторам. Также у нас можно узнать о различных акциях, информацию о микрокредитах, промокодах и про различные специальные предложения.</p> <p>Перед тем как согласиться на оформление кредита, каждый клиент должен внимательно ознакомиться с условиями договора и процентными ставками, которые определяются по двум критериям:</p> <ol> <li>Сумма займа;</li> <li>Срок займа.</li> </ol> <p>Если клиент не может разобраться с тем, какая должна быть на кредит онлайн заявка, как её оформить или же как получить кредит на карту онлайн – специалисты нашей компании дадут ответ на каждый вопрос, проведут необходимую консультацию.</p> <p>У Вас может возникнуть вопрос: зачем компания Sravni Zajm помогает брать кредиты? Это можно объяснить личным энтузиазмом. К сожалению, уровень экономических знаний у среднестатистического гражданина Украина очень низкий и из-за этого люди часто попадают в большие неприятности, которые могут закончиться лишением имущества. Каждый человек должен знать о том, как взять кредит, где его взять и какие должны быть при этом условия.</p>"
"zajm/bez-spravok";"Займ без справки о доходах";""
"zajm/cherez-internet";"Займ через интернет";""
"zajm/do-zarplaty";"Займ до зарплаты";""
"zajm/bez-poruchiteley";"Займ без поручителей";""
"zajm/s-plohoi-ki";"Займ без кредитной истории";""
"zajm/bezrabotnym";"Займ безработным";""
"zajm/bez-procentov";"Займ без процентов";""
"zajm/bystryj";"Займ кредиты";""
"zajm/bez-otkaza";"Займ без отказа";""
"zajm/bez-oficialnogo-trudoustrojstva";"Займ без официального трудоустройства";""
"zajm/s-18-let";"Займ с 18 лет";""
"zajm/pensioneram";"Займ пенсионерам";""
"zajm/nalichnymi";"Займ наличными";""
"zajm/na-karty";"Займ на карту";""
"dengi/bez-spravok";"Деньги без справки о доходах";""
"dengi/cherez-internet";"Деньги через интернет";""
"dengi/do-zarplaty";"Деньги до зарплаты";""
"dengi/bez-poruchiteley";"Деньги без поручителей";""
"dengi/s-plohoi-ki";"Деньги без кредитной истории";""
"dengi/bezrabotnym";"Деньги безработным";""
"dengi/bez-procentov";"Деньги без процентов";""
"dengi/bystryj";"Деньги кредиты";""
"dengi/bez-otkaza";"Деньги без отказа";""
"dengi/bez-oficialnogo-trudoustrojstva";"Деньги без официального трудоустройства";""
"dengi/s-18-let";"Деньги с 18 лет";""
"dengi/pensioneram";"Деньги пенсионерам";""
"dengi/nalichnymi";"Деньги наличными";""
"dengi/na-karty";"Деньги на карту";""