0;ua;AppBundle\Entity\About;article;1;ukr article Credit365
0;ua;AppBundle\Entity\About;article;2;ukr article SosCredit
0;ua;AppBundle\Entity\About;article;3;ukr article ШвидкоГроші
0;ua;AppBundle\Entity\About;article;4;ukr article Ccloan
0;ua;AppBundle\Entity\About;article;5;ukr article KLT Credit
0;ua;AppBundle\Entity\About;article;6;ukr article CreditON
0;ua;AppBundle\Entity\About;article;7;ukr article CreditUP
0;ua;AppBundle\Entity\About;article;8;ukr article ЄвроГроші
0;ua;AppBundle\Entity\About;article;9;ukr article БыстроЗайм
0;ua;AppBundle\Entity\About;article;10;ukr article MoneyBoom
0;ua;AppBundle\Entity\About;article;11;ukr article UltraCach
0;ua;AppBundle\Entity\About;article;12;ukr article MyCredit
0;ua;AppBundle\Entity\About;article;13;ukr article MoneyVeo
0;ua;AppBundle\Entity\About;article;14;ukr article Капуста у кишені
0;ua;AppBundle\Entity\About;article;15;ukr article TopCredit
0;ua;AppBundle\Entity\About;article;16;ukr article GlobalCredit
0;ua;AppBundle\Entity\About;article;17;ukr article CashUp
0;ua;AppBundle\Entity\About;article;18;ukr article ВашаГотівочка
0;ua;AppBundle\Entity\About;article;19;ukr article МореГрошей
0;ua;AppBundle\Entity\About;article;20;ukr article ГрошіВсім
0;ua;AppBundle\Entity\About;article;21;ukr article CashPoint
0;ua;AppBundle\Entity\About;article;22;ukr article Компаньон Финанс
0;ua;AppBundle\Entity\About;article;23;ukr article FinMe
0;ua;AppBundle\Entity\About;article;24;ukr article CashMe
0;ua;AppBundle\Entity\About;title;1;ukr title Credit365
0;ua;AppBundle\Entity\About;title;2;ukr title SosCredit
0;ua;AppBundle\Entity\About;title;3;ukr title ШвидкоГроші
0;ua;AppBundle\Entity\About;title;4;ukr title Ccloan
0;ua;AppBundle\Entity\About;title;5;ukr title KLT Credit
0;ua;AppBundle\Entity\About;title;6;ukr title CreditON
0;ua;AppBundle\Entity\About;title;7;ukr title CreditUP
0;ua;AppBundle\Entity\About;title;8;ukr title ЄвроГроші
0;ua;AppBundle\Entity\About;title;9;ukr title БыстроЗайм
0;ua;AppBundle\Entity\About;title;10;ukr title MoneyBoom
0;ua;AppBundle\Entity\About;title;11;ukr title UltraCach
0;ua;AppBundle\Entity\About;title;12;ukr title MyCredit
0;ua;AppBundle\Entity\About;title;13;ukr title MoneyVeo
0;ua;AppBundle\Entity\About;title;14;ukr title Капуста у кишені
0;ua;AppBundle\Entity\About;title;15;ukr title TopCredit
0;ua;AppBundle\Entity\About;title;16;ukr title GlobalCredit
0;ua;AppBundle\Entity\About;title;17;ukr title CashUp
0;ua;AppBundle\Entity\About;title;18;ukr title ВашаГотівочка
0;ua;AppBundle\Entity\About;title;19;ukr title МореГрошей
0;ua;AppBundle\Entity\About;title;20;ukr title ГрошіВсім
0;ua;AppBundle\Entity\About;title;21;ukr title CashPoint
0;ua;AppBundle\Entity\About;title;22;ukr title Компаньон Финанс
0;ua;AppBundle\Entity\About;title;23;ukr title FinMe
0;ua;AppBundle\Entity\About;title;24;ukr title CashMe
0;ua;AppBundle\Entity\About;meta;1;ukr meta Credit365
0;ua;AppBundle\Entity\About;meta;2;ukr meta SosCredit
0;ua;AppBundle\Entity\About;meta;3;ukr meta ШвидкоГроші
0;ua;AppBundle\Entity\About;meta;4;ukr meta Ccloan
0;ua;AppBundle\Entity\About;meta;5;ukr meta KLT Credit
0;ua;AppBundle\Entity\About;meta;6;ukr meta CreditON
0;ua;AppBundle\Entity\About;meta;7;ukr meta CreditUP
0;ua;AppBundle\Entity\About;meta;8;ukr meta ЄвроГроші
0;ua;AppBundle\Entity\About;meta;9;ukr meta БыстроЗайм
0;ua;AppBundle\Entity\About;meta;10;ukr meta MoneyBoom
0;ua;AppBundle\Entity\About;meta;11;ukr meta UltraCach
0;ua;AppBundle\Entity\About;meta;12;ukr meta MyCredit
0;ua;AppBundle\Entity\About;meta;13;ukr meta MoneyVeo
0;ua;AppBundle\Entity\About;meta;14;ukr meta Капуста у кишені
0;ua;AppBundle\Entity\About;meta;15;ukr meta TopCredit
0;ua;AppBundle\Entity\About;meta;16;ukr meta GlobalCredit
0;ua;AppBundle\Entity\About;meta;17;ukr meta CashUp
0;ua;AppBundle\Entity\About;meta;18;ukr meta ВашаГотівочка
0;ua;AppBundle\Entity\About;meta;19;ukr meta МореГрошей
0;ua;AppBundle\Entity\About;meta;20;ukr meta ГрошіВсім
0;ua;AppBundle\Entity\About;meta;21;ukr meta CashPoint
0;ua;AppBundle\Entity\About;meta;22;ukr meta Компаньон Финанс
0;ua;AppBundle\Entity\About;meta;23;ukr meta FinMe
0;ua;AppBundle\Entity\About;meta;24;ukr meta CashMe