0;ua;AppBundle\Entity\Articles;article;/;ukr article Лучший кредит онлайн
0;ua;AppBundle\Entity\Articles;article;dengi/bez-oficialnogo-trudoustrojstva;ukr article Как взять деньги в долг безработным?
0;ua;AppBundle\Entity\Articles;article;dengi/bez-otkaza;ukr article Как получить деньги в долг без отказа
0;ua;AppBundle\Entity\Articles;article;dengi/bez-poruchiteley;ukr article Деньги без поручителей
0;ua;AppBundle\Entity\Articles;article;dengi/bez-procentov;ukr article Кредитные онлайн сервисы - низкие проценты по кредиту
0;ua;AppBundle\Entity\Articles;article;dengi/bez-spravok;ukr article Как получить деньги в кредит без справок
0;ua;AppBundle\Entity\Articles;article;dengi/bezrabotnym;ukr article Как взять деньги в долг безработным?
0;ua;AppBundle\Entity\Articles;article;dengi/bystryj;ukr article Мгновенный кредит на выгодных условиях
0;ua;AppBundle\Entity\Articles;article;dengi/cherez-internet;ukr article Быстрый кредит онлайн
0;ua;AppBundle\Entity\Articles;article;dengi/do-zarplaty;ukr article Деньги в кредит на краткий срок
0;ua;AppBundle\Entity\Articles;article;dengi/na-karty;ukr article Онлайн кредиты - деньги на карту банка
0;ua;AppBundle\Entity\Articles;article;dengi/nalichnymi;ukr article Выгодный кредит наличными на потребительские расходы
0;ua;AppBundle\Entity\Articles;article;dengi/pensioneram;ukr article Помощь в получении кредита для пенсионеров
0;ua;AppBundle\Entity\Articles;article;dengi/s-18-let;ukr article Деньги в кредит совершеннолетним
0;ua;AppBundle\Entity\Articles;article;dengi/s-plohoi-ki;ukr article Как получить кредит с плохой историей?
0;ua;AppBundle\Entity\Articles;article;kredit/bez-oficialnogo-trudoustrojstva;ukr article Быстрый кредит без официального трудоустройства
0;ua;AppBundle\Entity\Articles;article;kredit/bez-otkaza;ukr article Как получить займ на карту банка без отказа
0;ua;AppBundle\Entity\Articles;article;kredit/bez-poruchiteley;ukr article Где взять деньги в кредит без поручителей
0;ua;AppBundle\Entity\Articles;article;kredit/bez-procentov;ukr article Безпроцентный кредит - как им пользоваться
0;ua;AppBundle\Entity\Articles;article;kredit/bez-spravok;ukr article Выгодный онлайн кредит без справки о доходах
0;ua;AppBundle\Entity\Articles;article;kredit/bezrabotnym;ukr article Как взять кредит безработным
0;ua;AppBundle\Entity\Articles;article;kredit/bystryj;ukr article Как оформить быстрый кредит на выгодных условиях
0;ua;AppBundle\Entity\Articles;article;kredit/cherez-internet;ukr article Где взять кредит онлайн
0;ua;AppBundle\Entity\Articles;article;kredit/do-zarplaty;ukr article Выгодный кредит до зарплаты
0;ua;AppBundle\Entity\Articles;article;kredit/na-karty;ukr article Как получить кредит на карту банка
0;ua;AppBundle\Entity\Articles;article;kredit/nalichnymi;ukr article Выгодный кредит наличными
0;ua;AppBundle\Entity\Articles;article;kredit/pensioneram;ukr article Как оформить кредит кредит пенсионерам
0;ua;AppBundle\Entity\Articles;article;kredit/s-18-let;ukr article Потребительский кредит по паспорту для совершеннолетних
0;ua;AppBundle\Entity\Articles;article;kredit/s-plohoi-ki;ukr article Кредиты без кредитной истории
0;ua;AppBundle\Entity\Articles;article;zajm/bez-oficialnogo-trudoustrojstva;ukr article Можно ли получить займ безработным?
0;ua;AppBundle\Entity\Articles;article;zajm/bez-otkaza;ukr article Выгодный займ на карту срочно без отказа
0;ua;AppBundle\Entity\Articles;article;zajm/bez-poruchiteley;ukr article Выгодный кредит без поручителей
0;ua;AppBundle\Entity\Articles;article;zajm/bez-procentov;ukr article Как взять кредит с низким процентом
0;ua;AppBundle\Entity\Articles;article;zajm/bez-spravok;ukr article Быстрый займ без справок и поручителей
0;ua;AppBundle\Entity\Articles;article;zajm/bezrabotnym;ukr article Можно ли получить займ безработным?
0;ua;AppBundle\Entity\Articles;article;zajm/bystryj;ukr article Где взять деньги под проценты
0;ua;AppBundle\Entity\Articles;article;zajm/cherez-internet;ukr article Выгодные займы онлайн
0;ua;AppBundle\Entity\Articles;article;zajm/do-zarplaty;ukr article Выгодные быстрые кредиты онлайн
0;ua;AppBundle\Entity\Articles;article;zajm/na-karty;ukr article Выгодный займ на карту - бысто и легко
0;ua;AppBundle\Entity\Articles;article;zajm/nalichnymi;ukr article Взять деньги в займы просто
0;ua;AppBundle\Entity\Articles;article;zajm/pensioneram;ukr article Выгодные займы пенсионерам
0;ua;AppBundle\Entity\Articles;article;zajm/s-18-let;ukr article Кредитные онлайн сервисы - как получить деньги в займы
0;ua;AppBundle\Entity\Articles;article;zajm/s-plohoi-ki;ukr article Где взять займ на карту банка
0;ua;AppBundle\Entity\Articles;title;/;ukr title Лучший кредит онлайн
0;ua;AppBundle\Entity\Articles;title;dengi/bez-oficialnogo-trudoustrojstva;ukr title Как взять деньги в долг безработным?
0;ua;AppBundle\Entity\Articles;title;dengi/bez-otkaza;ukr title Как получить деньги в долг без отказа
0;ua;AppBundle\Entity\Articles;title;dengi/bez-poruchiteley;ukr title Деньги без поручителей
0;ua;AppBundle\Entity\Articles;title;dengi/bez-procentov;ukr title Кредитные онлайн сервисы - низкие проценты по кредиту
0;ua;AppBundle\Entity\Articles;title;dengi/bez-spravok;ukr title Как получить деньги в кредит без справок
0;ua;AppBundle\Entity\Articles;title;dengi/bezrabotnym;ukr title Как взять деньги в долг безработным?
0;ua;AppBundle\Entity\Articles;title;dengi/bystryj;ukr title Мгновенный кредит на выгодных условиях
0;ua;AppBundle\Entity\Articles;title;dengi/cherez-internet;ukr title Быстрый кредит онлайн
0;ua;AppBundle\Entity\Articles;title;dengi/do-zarplaty;ukr title Деньги в кредит на краткий срок
0;ua;AppBundle\Entity\Articles;title;dengi/na-karty;ukr title Онлайн кредиты - деньги на карту банка
0;ua;AppBundle\Entity\Articles;title;dengi/nalichnymi;ukr title Выгодный кредит наличными на потребительские расходы
0;ua;AppBundle\Entity\Articles;title;dengi/pensioneram;ukr title Помощь в получении кредита для пенсионеров
0;ua;AppBundle\Entity\Articles;title;dengi/s-18-let;ukr title Деньги в кредит совершеннолетним
0;ua;AppBundle\Entity\Articles;title;dengi/s-plohoi-ki;ukr title Как получить кредит с плохой историей?
0;ua;AppBundle\Entity\Articles;title;kredit/bez-oficialnogo-trudoustrojstva;ukr title Быстрый кредит без официального трудоустройства
0;ua;AppBundle\Entity\Articles;title;kredit/bez-otkaza;ukr title Как получить займ на карту банка без отказа
0;ua;AppBundle\Entity\Articles;title;kredit/bez-poruchiteley;ukr title Где взять деньги в кредит без поручителей
0;ua;AppBundle\Entity\Articles;title;kredit/bez-procentov;ukr title Безпроцентный кредит - как им пользоваться
0;ua;AppBundle\Entity\Articles;title;kredit/bez-spravok;ukr title Выгодный онлайн кредит без справки о доходах
0;ua;AppBundle\Entity\Articles;title;kredit/bezrabotnym;ukr title Как взять кредит безработным
0;ua;AppBundle\Entity\Articles;title;kredit/bystryj;ukr title Как оформить быстрый кредит на выгодных условиях
0;ua;AppBundle\Entity\Articles;title;kredit/cherez-internet;ukr title Где взять кредит онлайн
0;ua;AppBundle\Entity\Articles;title;kredit/do-zarplaty;ukr title Выгодный кредит до зарплаты
0;ua;AppBundle\Entity\Articles;title;kredit/na-karty;ukr title Как получить кредит на карту банка
0;ua;AppBundle\Entity\Articles;title;kredit/nalichnymi;ukr title Выгодный кредит наличными
0;ua;AppBundle\Entity\Articles;title;kredit/pensioneram;ukr title Как оформить кредит кредит пенсионерам
0;ua;AppBundle\Entity\Articles;title;kredit/s-18-let;ukr title Потребительский кредит по паспорту для совершеннолетних
0;ua;AppBundle\Entity\Articles;title;kredit/s-plohoi-ki;ukr title Кредиты без кредитной истории
0;ua;AppBundle\Entity\Articles;title;zajm/bez-oficialnogo-trudoustrojstva;ukr title Можно ли получить займ безработным?
0;ua;AppBundle\Entity\Articles;title;zajm/bez-otkaza;ukr title Выгодный займ на карту срочно без отказа
0;ua;AppBundle\Entity\Articles;title;zajm/bez-poruchiteley;ukr title Выгодный кредит без поручителей
0;ua;AppBundle\Entity\Articles;title;zajm/bez-procentov;ukr title Как взять кредит с низким процентом
0;ua;AppBundle\Entity\Articles;title;zajm/bez-spravok;ukr title Быстрый займ без справок и поручителей
0;ua;AppBundle\Entity\Articles;title;zajm/bezrabotnym;ukr title Можно ли получить займ безработным?
0;ua;AppBundle\Entity\Articles;title;zajm/bystryj;ukr title Где взять деньги под проценты
0;ua;AppBundle\Entity\Articles;title;zajm/cherez-internet;ukr title Выгодные займы онлайн
0;ua;AppBundle\Entity\Articles;title;zajm/do-zarplaty;ukr title Выгодные быстрые кредиты онлайн
0;ua;AppBundle\Entity\Articles;title;zajm/na-karty;ukr title Выгодный займ на карту - бысто и легко
0;ua;AppBundle\Entity\Articles;title;zajm/nalichnymi;ukr title Взять деньги в займы просто
0;ua;AppBundle\Entity\Articles;title;zajm/pensioneram;ukr title Выгодные займы пенсионерам
0;ua;AppBundle\Entity\Articles;title;zajm/s-18-let;ukr title Кредитные онлайн сервисы - как получить деньги в займы
0;ua;AppBundle\Entity\Articles;title;zajm/s-plohoi-ki;ukr title Где взять займ на карту банка
0;ua;AppBundle\Entity\Articles;meta;/;ukr meta Лучший кредит онлайн
0;ua;AppBundle\Entity\Articles;meta;dengi/bez-oficialnogo-trudoustrojstva;ukr meta Как взять деньги в долг безработным?
0;ua;AppBundle\Entity\Articles;meta;dengi/bez-otkaza;ukr meta Как получить деньги в долг без отказа
0;ua;AppBundle\Entity\Articles;meta;dengi/bez-poruchiteley;ukr meta Деньги без поручителей
0;ua;AppBundle\Entity\Articles;meta;dengi/bez-procentov;ukr meta Кредитные онлайн сервисы - низкие проценты по кредиту
0;ua;AppBundle\Entity\Articles;meta;dengi/bez-spravok;ukr meta Как получить деньги в кредит без справок
0;ua;AppBundle\Entity\Articles;meta;dengi/bezrabotnym;ukr meta Как взять деньги в долг безработным?
0;ua;AppBundle\Entity\Articles;meta;dengi/bystryj;ukr meta Мгновенный кредит на выгодных условиях
0;ua;AppBundle\Entity\Articles;meta;dengi/cherez-internet;ukr meta Быстрый кредит онлайн
0;ua;AppBundle\Entity\Articles;meta;dengi/do-zarplaty;ukr meta Деньги в кредит на краткий срок
0;ua;AppBundle\Entity\Articles;meta;dengi/na-karty;ukr meta Онлайн кредиты - деньги на карту банка
0;ua;AppBundle\Entity\Articles;meta;dengi/nalichnymi;ukr meta Выгодный кредит наличными на потребительские расходы
0;ua;AppBundle\Entity\Articles;meta;dengi/pensioneram;ukr meta Помощь в получении кредита для пенсионеров
0;ua;AppBundle\Entity\Articles;meta;dengi/s-18-let;ukr meta Деньги в кредит совершеннолетним
0;ua;AppBundle\Entity\Articles;meta;dengi/s-plohoi-ki;ukr meta Как получить кредит с плохой историей?
0;ua;AppBundle\Entity\Articles;meta;kredit/bez-oficialnogo-trudoustrojstva;ukr meta Быстрый кредит без официального трудоустройства
0;ua;AppBundle\Entity\Articles;meta;kredit/bez-otkaza;ukr meta Как получить займ на карту банка без отказа
0;ua;AppBundle\Entity\Articles;meta;kredit/bez-poruchiteley;ukr meta Где взять деньги в кредит без поручителей
0;ua;AppBundle\Entity\Articles;meta;kredit/bez-procentov;ukr meta Безпроцентный кредит - как им пользоваться
0;ua;AppBundle\Entity\Articles;meta;kredit/bez-spravok;ukr meta Выгодный онлайн кредит без справки о доходах
0;ua;AppBundle\Entity\Articles;meta;kredit/bezrabotnym;ukr meta Как взять кредит безработным
0;ua;AppBundle\Entity\Articles;meta;kredit/bystryj;ukr meta Как оформить быстрый кредит на выгодных условиях
0;ua;AppBundle\Entity\Articles;meta;kredit/cherez-internet;ukr meta Где взять кредит онлайн
0;ua;AppBundle\Entity\Articles;meta;kredit/do-zarplaty;ukr meta Выгодный кредит до зарплаты
0;ua;AppBundle\Entity\Articles;meta;kredit/na-karty;ukr meta Как получить кредит на карту банка
0;ua;AppBundle\Entity\Articles;meta;kredit/nalichnymi;ukr meta Выгодный кредит наличными
0;ua;AppBundle\Entity\Articles;meta;kredit/pensioneram;ukr meta Как оформить кредит кредит пенсионерам
0;ua;AppBundle\Entity\Articles;meta;kredit/s-18-let;ukr meta Потребительский кредит по паспорту для совершеннолетних
0;ua;AppBundle\Entity\Articles;meta;kredit/s-plohoi-ki;ukr meta Кредиты без кредитной истории
0;ua;AppBundle\Entity\Articles;meta;zajm/bez-oficialnogo-trudoustrojstva;ukr meta Можно ли получить займ безработным?
0;ua;AppBundle\Entity\Articles;meta;zajm/bez-otkaza;ukr meta Выгодный займ на карту срочно без отказа
0;ua;AppBundle\Entity\Articles;meta;zajm/bez-poruchiteley;ukr meta Выгодный кредит без поручителей
0;ua;AppBundle\Entity\Articles;meta;zajm/bez-procentov;ukr meta Как взять кредит с низким процентом
0;ua;AppBundle\Entity\Articles;meta;zajm/bez-spravok;ukr meta Быстрый займ без справок и поручителей
0;ua;AppBundle\Entity\Articles;meta;zajm/bezrabotnym;ukr meta Можно ли получить займ безработным?
0;ua;AppBundle\Entity\Articles;meta;zajm/bystryj;ukr meta Где взять деньги под проценты
0;ua;AppBundle\Entity\Articles;meta;zajm/cherez-internet;ukr meta Выгодные займы онлайн
0;ua;AppBundle\Entity\Articles;meta;zajm/do-zarplaty;ukr meta Выгодные быстрые кредиты онлайн
0;ua;AppBundle\Entity\Articles;meta;zajm/na-karty;ukr meta Выгодный займ на карту - бысто и легко
0;ua;AppBundle\Entity\Articles;meta;zajm/nalichnymi;ukr meta Взять деньги в займы просто
0;ua;AppBundle\Entity\Articles;meta;zajm/pensioneram;ukr meta Выгодные займы пенсионерам
0;ua;AppBundle\Entity\Articles;meta;zajm/s-18-let;ukr meta Кредитные онлайн сервисы - как получить деньги в займы
0;ua;AppBundle\Entity\Articles;meta;zajm/s-plohoi-ki;ukr meta Где взять займ на карту банка
